DADOS DA COMPANHIA;;;; INFORMAÇÕES DA OFERTA;;;;; ANÚNCIO DE ENCERRAMENTO ;;;;;PARTICIPAÇÃO DOS INVESTIDORES (%) ³;;;
NOME DE PREGÃO;LISTAGEM NA OFERTA;CLASSIFICAÇÃO SETORIAL (SEGMENTO);COORDENADOR LÍDER;CLASSIFICAÇÃO;TIPO;FIXAÇÃO DE PREÇO;PREÇO POR AÇÃO / UNIT / BDR (LÇTO)4;INÍCIO DE NEGOCIAÇÃO;Nº DE PESSOAS FÍSICAS; Nº TOTAL DE INVESTIDORES ; VOLUME PRIMÁRIA (R$) ; VOLUME SECUNDÁRIA (R$) ;VOLUME TOTAL (R$);VAREJO;INSTITUCIONAL;ESTRANGEIROS;OUTROS
CCR RODOVIAS;NM;Exploração de Rodovias;UBS;FOLLOW-ON;ICVM 400;26/4/2004;23.50;27/04/04; 1010 ; 1514 ; 375000005 ; - ; 375000005 ;7%;18%;75%;1%
NATURA;NM;Prod de Uso Pessoal;UBS;IPO;ICVM 400;24/5/2004;36.50;26/05/04; 4376 ; 5460 ; - ; 768120637 ; 768120637 ;14%;15%;67%;4%
GOL;N2;Transporte Aéreo;Morgan Stanley;IPO;ICVM 400;23/6/2004;26.57;24/06/04; 11274 ; 12380 ; 498187500 ; 379951000 ; 878138500 ;10%;13%;75%;1%
ALL AMER LAT;N2;Transporte Ferroviário;Pactual;IPO;ICVM 400;23/6/2004;46.50;25/06/04; 3275 ; 4198 ; 267375000 ; 320850000 ; 588225000 ;8%;20%;71%;1%
WEG;N1;Motores. Compressores e Outros;Bradesco BBI;FOLLOW-ON;ICVM 400;3/9/2004;7.20;06/09/04; 5130 ; 5708 ; - ; 319384800 ; 319384800 ;30%;24%;41%;5%
BRASKEM;N1;Petroquímicos;Unibanco;FOLLOW-ON;ICVM 400;22/9/2004;0.09;24/09/04; 2287 ; 2737 ; 1210950000 ; - ; 1210950000 ;5%;21%;74%;1%
CPFL ENERGIA;NM;Energia Elétrica;Merrill Lynch;IPO;ICVM 400;28/9/2004;17.22;29/09/04; 2661 ; 3271 ; 684649515 ; 136312659 ; 820962174 ;7%;22%;69%;1%
GRENDENE;NM;Calçados;Pactual;IPO;ICVM 400;27/10/2004;31.00;29/10/04; 7745 ; 8998 ; - ; 616900000 ; 616900000 ;16%;19%;64%;1%
SABESP;NM;Água e Saneamento;Unibanco;FOLLOW-ON;ICVM 400;28/10/2004;0.11;29/10/04; 89 ; 361 ; - ; 687986985 ; 687986985 ;1%;17%;81%;0%
DASA;NM;Serv Méd Hospit. Análises e Diagnósticos;UBS;IPO;ICVM 400;17/11/2004;20.00;19/11/04; 2815 ; 3482 ; 126136300 ; 311247720 ; 437384020 ;9%;22%;68%;1%
PORTO SEGURO;NM;Seguradoras;Pactual;IPO;ICVM 400;18/11/2004;18.75;22/11/04; 5757 ; 6499 ; 129022800 ; 248311894 ; 377334694 ;8%;19%;71%;2%
GERDAU;N1;Siderurgia;Pactual;FOLLOW-ON;ICVM 400;9/12/2004;40.00;09/12/04; 169 ; 250 ; - ; 412805170 ; 412805170 ;5%;14%;79%;3%
GERDAU MET;N1;Siderurgia;Pactual;FOLLOW-ON;ICVM 400;9/12/2004;55.00;09/12/04; 66 ; 119 ; - ; 88266090 ; 88266090 ;13%;53%;28%;6%
BRADESPAR;N1;Holdings Diversificadas;Credit Suisse;FOLLOW-ON;ICVM 400;14/12/2004;77.00;15/12/04; 315 ; 737 ; 1044546272 ; - ; 1044546272 ;3%;16%;66%;15%
SUZANO PETR;N2;Petroquímicos;Itaú BBA;FOLLOW-ON;ICVM 400;16/12/2004;5.80;17/12/04; 4680 ; 5284 ; 31900000 ; 146740000 ; 178640000 ;18%;46%;35%;1%
UNIBANCO;N1;Bancos;Unibanco;FOLLOW-ON;ICVM 400;31/1/2005;15.65;31/01/05; 1402 ; 2064 ; - ; 718294107 ; 718294107 ;9%;32%;57%;2%
RENAR;NM;Alimentos Diversos;Elite;IPO;ICVM 400;10/8/2004;1.60;28/02/05; 1589 ; 1781 ; 16000000 ; - ; 16000000 ;87%;1%;5%;7%
ALL AMER LAT;N2;Transporte Ferroviário;Pactual;FOLLOW-ON;ICVM 400;22/3/2005;72.50;23/03/05; 1167 ; 1540 ; - ; 644865678 ; 644865678 ;9%;11%;80%;0%
SUBMARINO;NM;Produtos Diversos;Credit Suisse;IPO;ICVM 400;29/3/2005;21.62;30/03/05; 3969 ; 4368 ; 135125000 ; 337812500 ; 472937500 ;9%;23%;65%;2%
ULTRAPAR;BÁSICO;Holdings Diversificadas;UBS;FOLLOW-ON;ICVM 400;12/4/2005;0.04;13/04/05; 1466 ; 1817 ; 47218028 ; 314786853 ; 362004881 ;8%;14%;75%;3%
GOL;N2;Transporte Aéreo;Santander;FOLLOW-ON;ICVM 400;27/4/2005;35.12;28/04/05; 2379 ; 2598 ; 271330482 ; 322373118 ; 593703600 ;5%;15%;79%;1%
LOCALIZA;NM;Aluguel de Carros;Credit Suisse;IPO;ICVM 400;19/5/2005;11.50;23/05/05; 785 ; 958 ; - ; 264802738 ; 264802738 ;8%;4%;87%;1%
TAM S/A;N2;Transporte Aéreo;Pactual;IPO;ICVM 400;13/6/2005;18.00;14/06/05; 1171 ; 1647 ; 383942160 ; 164546640 ; 548488800 ;9%;16%;74%;1%
AES TIETE;BÁSICO;Energia Elétrica;Credit Suisse;FOLLOW-ON;ICVM 400;14/6/2005;0.04;15/06/05; 657 ; 1139 ; - ; 1059840084 ; 1059840084 ;2%;18%;80%;0%
LOJAS RENNER;NM;Tecidos. Vestuário e Calçados;Credit Suisse;FOLLOW-ON;ICVM 400;29/6/2005;37.00;01/07/05; 106 ; 448 ; 343138259 ; 542890492 ; 886028751 ;2%;12%;86%;0%
ENERGIAS BR;NM;Energia Elétrica;UBS;IPO;ICVM 400;12/7/2005;18.00;13/07/05; 460 ; 1473 ; 1170132696 ; 14570028 ; 1184702724 ;1%;15%;26%;57%
OHL BRASIL;NM;Exploração de Rodovias;Unibanco;IPO;ICVM 400;13/7/2005;18.00;15/07/05; 1057 ; 1367 ; 135000000 ; 360999990 ; 495999990 ;8%;21%;70%;1%
UNIBANCO;N1;Bancos;Unibanco;FOLLOW-ON;ICVM 400;13/9/2005;20.49;14/09/05; 932 ; 1415 ; - ; 1765197436 ; 1765197436 ;3%;15%;80%;1%
BRADESPAR;N1;Holdings Diversificadas;Credit Suisse;FOLLOW-ON;ICVM 400;14/9/2005;53.00;15/09/05; 823 ; 1289 ; - ; 505059260 ; 505059260 ;9%;24%;67%;1%
CYRELA REALT;NM;Construção Civil;Credit Suisse;FOLLOW-ON;ICVM 400;20/9/2005;15.00;22/09/05; 1574 ; 2025 ; 629175000 ; 273000000 ; 902175000 ;8%;19%;72%;1%
NOSSA CAIXA;NM;Bancos;UBS;IPO;ICVM 400;26/10/2005;31.00;28/10/05; 7342 ; 8983 ; - ; 953955994 ; 953955994 ;7%;22%;71%;1%
COSAN;NM;Alimentos Diversos;Morgan Stanley;IPO;ICVM 400;16/11/2005;48.00;18/11/05; 8835 ; 10359 ; 885767328 ; - ; 885767328 ;8%;18%;72%;1%
TRACTEBEL;NM;Energia Elétrica;UBS;FOLLOW-ON;ICVM 400;7/12/2005;13.00;09/12/05; 6351 ; 7405 ; - ; 1051700000 ; 1051700000 ;8%;36%;55%;1%
UOL;N2;Programas e Serviços;Merrill Lynch;IPO;ICVM 400;14/12/2005;18.00;16/12/05; 12890 ; 14346 ; 322972416 ; 301708170 ; 624680586 ;7%;21%;71%;1%
IOCHP-MAXION;N1;Material Rodoviário;Unibanco;FOLLOW-ON;ICVM 400;31/1/2006;19.25;02/02/06; 6870 ; 7577 ; - ; 340203787 ; 340203787 ;12%;44%;42%;3%
COPASA;NM;Água e Saneamento;Unibanco;IPO;ICVM 400;6/2/2006;23.50;08/02/06; 15465 ; 17214 ; 813461524 ; - ; 813461524 ;7%;18%;74%;1%
VIVAX;N2;Televisão Por Assinatura;Itaú BBA;IPO;ICVM 400;6/2/2006;24.50;08/02/06; 7730 ; 9017 ; 58800000 ; 470400000 ; 529200000 ;8%;23%;69%;1%
ROSSI RESID;NM;Construção Civil;Credit Suisse;FOLLOW-ON;ICVM 400;13/2/2006;25.00;15/02/06; 3348 ; 3989 ; 762500000 ; 250000000 ; 1012500000 ;7%;12%;80%;0%
GAFISA;NM;Construção Civil;Merrill Lynch;IPO;ICVM 400;16/2/2006;18.50;17/02/06; 13753 ; 15560 ; 494394000 ; 432594750 ; 926988750 ;9%;18%;72%;1%
COMPANY;NM;Construção Civil;ABN Amro;IPO;ICVM 400;23/2/2006;16.00;02/03/06; 12903 ; 13701 ; 208000000 ; 73600000 ; 281600000 ;9%;27%;64%;0%
TOTVS;NM;Programas e Serviços;Itaú BBA;IPO;ICVM 400;7/3/2006;32.00;09/03/06; 16017 ; 17600 ; 344800000 ; 115200000 ; 460000000 ;9%;21%;69%;0%
TAM S/A;N2;Transporte Aéreo;Pactual;FOLLOW-ON;ICVM 400;9/3/2006;42.00;10/03/06; 3510 ; 3891 ; 273162918 ; 1285960116 ; 1559123034 ;4%;19%;77%;0%
DASA;NM;Serv Méd Hospit. Análises e Diagnósticos;UBS;FOLLOW-ON;ICVM 400;22/3/2006;49.00;24/03/06; 2063 ; 2308 ; 185955000 ; 476428274 ; 662383274 ;4%;11%;85%;1%
EQUATORIAL;N2;Energia Elétrica;Credit Suisse;IPO;ICVM 400;30/3/2006;14.50;03/04/06; 7365 ; 7886 ; 185600000 ; 354670000 ; 540270000 ;9%;14%;77%;0%
SARAIVA LIVR;N2;Jornais. Livros e Revistas;Santander;FOLLOW-ON;ICVM 400;11/4/2006;22.00;13/04/06; 5976 ; 6226 ; 66000000 ; 116599230 ; 182599230 ;8%;17%;75%;0%
DURATEX;N1;Madeira;Itaú BBA;FOLLOW-ON;ICVM 400;11/4/2006;43.50;13/04/06; 4291 ; 4842 ; 195750000 ; 413250000 ; 609000000 ;6%;15%;46%;32%
SUBMARINO;NM;Produtos Diversos;Credit Suisse;FOLLOW-ON;ICVM 400;12/4/2006;53.75;17/04/06; - ; 140 ; 291506030 ; 637570890 ; 929076920 ;0%;10%;90%;0%
LOCALIZA;NM;Aluguel de Carros;Pactual;FOLLOW-ON;ICVM 400;19/4/2006;41.00;20/04/06; 2514 ; 2959 ; 156825000 ; 237214274 ; 394039274 ;8%;17%;74%;1%
ABNOTE;NM;Serviços Diversos;UBS;IPO;ICVM 400;25/4/2006;17.00;27/04/06; 15132 ; 16861 ; - ; 480434790 ; 480434790 ;8%;21%;70%;1%
RANDON PART;N1;Material Rodoviário;Santander;FOLLOW-ON;ICVM 400;26/4/2006;8.25;28/04/06; 4084 ; 4335 ; 99000000 ; 136200207 ; 235200207 ;11%;23%;54%;12%
CSU CARDSYST;NM;Serviços Diversos;Credit Suisse;IPO;ICVM 400;27/4/2006;18.00;02/05/06; 14362 ; 15585 ; 100288746 ; 240683832 ; 340972578 ;9%;16%;72%;4%
BRASILAGRO;NM;Exploração de Imóveis;Credit Suisse;IPO;ICVM 400;27/4/2006;1000.00;02/05/06; 3 ; 39 ; 583200000 ; - ; 583200000 ;0%;3%;82%;14%
LUPATECH;NM;Motores. Compressores e Outros;Pactual;IPO;ICVM 400;11/5/2006;22.00;15/05/06; 11198 ; 12203 ; 155048652 ; 297691372 ; 452740024 ;8%;19%;73%;0%
GP INVEST ¹;BDR;Holdings Diversificadas;Credit Suisse;IPO;ICVM 400;30/5/2006;34.27;01/06/06; 2356 ; 2524 ; 705980849 ; - ; 705980849 ;4%;17%;76%;3%
DATASUL;NM;Programas e Serviços;UBS;IPO;ICVM 400;31/5/2006;18.00;02/06/06; 5470 ; 5973 ; 150697674 ; 166314834 ; 317012508 ;14%;13%;72%;2%
PORTO SEGURO;NM;Seguradoras;Pactual;FOLLOW-ON;ICVM 400;13/6/2006;33.50;14/06/06; 272 ; 350 ; - ; 201000000 ; 201000000 ;3%;43%;54%;0%
BRASIL;NM;Bancos;BB Investimentos;FOLLOW-ON;ICVM 400;26/6/2006;43.50;28/06/06; 48602 ; 52923 ; - ; 2273208950 ; 2273208950 ;28%;19%;51%;3%
CYRELA REALT;NM;Construção Civil;Credit Suisse;FOLLOW-ON;ICVM 400;19/7/2006;29.50;21/07/06; 1283 ; 1778 ; 728650000 ; 109297500 ; 837947500 ;4%;20%;75%;0%
MMX MINER;NM;Minerais Metálicos;Pactual;IPO;ICVM 400;20/7/2006;815.00;24/07/06; 17 ; 110 ; 1118895570 ; - ; 1118895570 ;0%;11%;76%;13%
ABYARA;NM;Construção Civil;Morgan Stanley;IPO;ICVM 400;25/7/2006;25.00;27/07/06; 6 ; 37 ; 163770250 ; - ; 163770250 ;1%;4%;83%;12%
CESP;N1;Energia Elétrica;UBS;FOLLOW-ON;ICVM 400;27/7/2006;0.01;28/07/06; 3036 ; 4049 ; 3200000000 ; - ; 3200000000 ;2%;25%;30%;42%
MEDIAL SAUDE;NM;Serv Méd Hospit. Análises e Diagnósticos;Credit Suisse;IPO;ICVM 400;20/9/2006;21.50;22/09/06; 3061 ; 3596 ; 474075000 ; 268212328 ; 742287328 ;7%;17%;76%;1%
ELETROPAULO;N2;Energia Elétrica;Credit Suisse;FOLLOW-ON;ICVM 400;21/9/2006;0.09;25/09/06; 3660 ; 4478 ; - ; 1345481065 ; 1345481065 ;9%;30%;60%;1%
KLABINSEGALL;NM;Construção Civil;Deutsche Bank;IPO;ICVM 400;5/10/2006;15.00;09/10/06; 4624 ; 5131 ; 360573750 ; 166773750 ; 527347500 ;9%;26%;65%;0%
SANTOS BRAS;N2;Serviços de Apoio e Armazenagem;Credit Suisse;IPO;ICVM 400;10/10/2006;23.00;13/10/06; 4209 ; 4873 ; 924968759 ; 8433341 ; 933402100 ;8%;14%;77%;0%
MDIASBRANCO;NM;Alimentos Diversos;Pactual;IPO;ICVM 400;16/10/2006;21.00;18/10/06; 3363 ; 3737 ; - ; 410766300 ; 410766300 ;8%;20%;71%;1%
PERDIGAO S/A;NM;Carnes e Derivados;Credit Suisse;FOLLOW-ON;ICVM 400;26/10/2006;25.00;27/10/06; 4212 ; 4917 ; 800000000 ; - ; 800000000 ;7%;14%;47%;31%
BRASCAN RES;NM;Construção Civil;Credit Suisse;IPO;ICVM 400;19/10/2006;16.00;23/10/06; 4272 ; 4735 ; 940000000 ; 248000000 ; 1188000000 ;7%;5%;87%;0%
PROFARMA;NM;Medicamentos;Credit Suisse;IPO;ICVM 400;24/10/2006;22.50;26/10/06; 4514 ; 4995 ; 310500000 ; 90562500 ; 401062500 ;9%;21%;70%;0%
TERNA PART;N2;Energia Elétrica;Itaú BBA;IPO;ICVM 400;25/10/2006;21.00;27/10/06; 6258 ; 7326 ; 371360304 ; 255310209 ; 626670513 ;8%;23%;65%;4%
ECODIESEL;NM;Exploração e/ou Refino;Banco Fator;IPO;ICVM 400;9/11/2006;12.00;22/11/06; 9315 ; 9841 ; 378932220 ; - ; 378932220 ;9%;23%;59%;9%
ODONTOPREV;NM;Serv Méd Hospit. Análises e Diagnósticos;Itaú BBA;IPO;ICVM 400;29/11/2006;28.00;01/12/06; 8675 ; 9772 ; 161913052 ; 360118192 ; 522031244 ;9%;26%;63%;3%
POSITIVO INF;NM;Computadores e Equipamentos;UBS;IPO;ICVM 400;7/12/2006;23.50;11/12/06; 18466 ; 19543 ; 65800000 ; 538312150 ; 604112150 ;9%;25%;64%;1%
SAO CARLOS;NM;Exploração de Imóveis;Credit Suisse;FOLLOW-ON;ICVM 400;12/12/2006;19.50;14/12/06; 6445 ; 6821 ; 341250000 ; 139670018 ; 480920018 ;10%;10%;75%;5%
LOPES BRASIL;NM;Intermediação Imobiliária;UBS;IPO;ICVM 400;14/12/2006;20.00;18/12/06; 9803 ; 10438 ; - ; 474720000 ; 474720000 ;11%;18%;71%;0%
DUFRYBRAS;BDR;Produtos Diversos;UBS;IPO;ICVM 400;18/12/2006;26.84;20/12/06; 10039 ; 10805 ; - ; 849754937 ; 849754937 ;10%;21%;69%;0%
PDG REALT;NM;Construção Civil;UBS;IPO;ICVM 400;24/1/2007;14.00;26/01/07; 11826 ; 12422 ; 432263062 ; 216131538 ; 648394600 ;9%;6%;84%;1%
RODOBENSIMOB;NM;Construção Civil;JP Morgan;IPO;ICVM 400;29/1/2007;19.50;31/01/07; 13963 ; 14782 ; 448500000 ; - ; 448500000 ;11%;22%;67%;0%
CC DES IMOB;NM;Construção Civil;Credit Suisse;IPO;ICVM 400;29/1/2007;14.50;31/01/07; 22002 ; 23552 ; 478500000 ; 43499986 ; 521999986 ;13%;38%;48%;1%
TECNISA;NM;Construção Civil;Credit Suisse;IPO;ICVM 400;30/1/2007;13.00;01/02/07; 17187 ; 18216 ; 590652257 ; 200650827 ; 791303084 ;10%;17%;59%;13%
IGUATEMI;NM;Exploração de Imóveis;Santander;IPO;ICVM 400;5/2/2007;30.00;07/02/07; 16710 ; 18100 ; 548677440 ; - ; 548677440 ;9%;18%;72%;0%
EMBRAER;NM;Material Aeronáutico;JP Morgan;FOLLOW-ON;ICVM 400;6/2/2007;21.35;08/02/07; 3936 ; 4278 ; - ; 1789970678 ; 1789970678 ;2%;10%;88%;0%
SUZANO PAPEL;N1;Papel e Celulose;Credit Suisse;FOLLOW-ON;ICVM 400;7/2/2007;23.00;09/02/07; 2866 ; 3144 ; - ; 543696011 ; 543696011 ;10%;32%;58%;1%
SAO MARTINHO;NM;Alimentos Diversos;UBS;IPO;ICVM 400;8/2/2007;20.00;12/02/07; 24369 ; 25864 ; 260000000 ; 163680000 ; 423680000 ;10%;28%;53%;8%
GVT HOLDING;NM;Telefonia Fixa;Credit Suisse;IPO;ICVM 400;14/2/2007;18.00;16/02/07; 14427 ; 15645 ; 1076400000 ; - ; 1076400000 ;9%;15%;76%;0%
ANHANGUERA;N2;Serviços Educacionais;Credit Suisse;IPO;ICVM 400;8/3/2007;18.00;12/03/07; 13593 ; 14651 ; 426825000 ; 85500000 ; 512325000 ;9%;15%;76%;0%
GAFISA;NM;Construção Civil;Merrill Lynch;FOLLOW-ON;ICVM 400;15/3/2007;26.00;16/03/07; 5179 ; 5527 ; 487811792 ; 683493174 ; 1171304966 ;2%;4%;93%;1%
JBS;NM;Carnes e Derivados;JP Morgan;IPO;ICVM 400;27/3/2007;8.00;29/03/07; 22662 ; 23690 ; 1216750400 ; 400000000 ; 1616750400 ;9%;13%;74%;4%
PINE;N1;Bancos;Credit Suisse;IPO;ICVM 400;28/3/2007;19.00;02/04/07; 20007 ; 20668 ; 356859900 ; 160328365 ; 517188265 ;9%;13%;78%;0%
EVEN;NM;Construção Civil;Itaú BBA;IPO;ICVM 400;29/3/2007;11.50;02/04/07; 11251 ; 11634 ; 460000000 ; - ; 460000000 ;10%;20%;53%;17%
BR MALLS PAR;NM;Exploração de Imóveis;UBS;IPO;ICVM 400;2/4/2007;15.00;05/04/07; 13777 ; 14518 ; 657118665 ; - ; 657118665 ;10%;22%;68%;0%
FER HERINGER;NM;Fertilizantes e Defensivos;UBS;IPO;ICVM 400;10/4/2007;17.00;12/04/07; 9169 ; 9770 ; 203163056 ; 146414302 ; 349577358 ;11%;23%;65%;0%
JHSF PART;NM;Construção Civil;Credit Suisse;IPO;ICVM 400;10/4/2007;8.00;12/04/07; 4524 ; 4749 ; 432400000 ; - ; 432400000 ;9%;1%;89%;1%
METALFRIO;NM;Equipamentos Elétricos;UBS;IPO;ICVM 400;11/4/2007;19.00;13/04/07; 9576 ; 9970 ; 302280500 ; 150670000 ; 452950500 ;9%;21%;57%;13%
INDS ROMI;NM;Máquinas e Equipamentos Industriais;Itaú BBA;FOLLOW-ON;ICVM 400;11/4/2007;15.00;13/04/07; 2375 ; 2668 ; 242935785 ; 239571885 ; 482507670 ;5%;18%;44%;33%
BEMATECH;NM;Computadores e Equipamentos;Itaú BBA;IPO;ICVM 400;17/4/2007;15.00;19/04/07; 8629 ; 9331 ; 270000030 ; 136630020 ; 406630050 ;9%;20%;70%;1%
CR2;NM;Construção Civil;Unibanco;IPO;ICVM 400;19/4/2007;20.00;23/04/07; 2755 ; 2926 ; 307575000 ; - ; 307575000 ;7%;0%;0%;93%
AGRA INCORP;NM;Construção Civil;Credit Suisse;IPO;ICVM 400;24/4/2007;8.50;26/04/07; 5328 ; 5651 ; 752348515 ; 33688985 ; 786037500 ;7%;25%;67%;0%
USIMINAS;BÁSICO;Siderurgia;Merrill Lynch;FOLLOW-ON;ICVM 400;25/4/2007;110.00;27/04/07; 7045 ; 7789 ; - ; 2069007490 ; 2069007490 ;6%;24%;69%;0%
CREMER;NM;Medicamentos e Outros Produtos;Merrill Lynch;IPO;ICVM 400;26/4/2007;17.50;30/04/07; 9370 ; 9717 ; 210000000 ; 341631500 ; 551631500 ;9%;16%;76%;0%
WILSON SONS;BDR;Serviços de Apoio e Armazenagem;Credit Suisse;IPO;ICVM 400;26/4/2007;23.77;30/04/07; 11775 ; 12393 ; 261470000 ; 444499000 ; 705969000 ;7%;14%;74%;5%
SOFISA;N1;Bancos;UBS;IPO;ICVM 400;25/4/2007;12.00;02/05/07; 7238 ; 7521 ; 497336256 ; 7207728 ; 504543984 ;9%;15%;76%;0%
TARPON;BDR;Holdings Diversificadas;Credit Suisse;IPO;ICVM 400;29/5/2007;22.00;31/05/07; 10631 ; 10949 ; 443828000 ; - ; 443828000 ;9%;3%;87%;1%
INPAR S/A;NM;Construção Civil;Credit Suisse;IPO;ICVM 400;4/6/2007;17.50;06/06/07; 9532 ; 10114 ; 756000000 ; - ; 756000000 ;8%;22%;70%;0%
PARANA;N1;Bancos;UBS;IPO;ICVM 400;12/6/2007;14.00;14/06/07; 8491 ; 8800 ; 529200000 ; - ; 529200000 ;11%;11%;78%;0%
SLC AGRICOLA;NM;Alimentos Diversos;Credit Suisse;IPO;ICVM 400;13/6/2007;14.00;15/06/07; 9623 ; 10166 ; 308000000 ; 182043750 ; 490043750 ;9%;21%;70%;0%
LOG-IN;NM;Transporte Hidroviário;UBS;IPO;ICVM 400;18/6/2007;14.25;21/06/07; 26509 ; 28172 ; 443333318 ; 404913337 ; 848246654 ;9%;16%;75%;0%
EZTEC;NM;Construção Civil;UBS;IPO;ICVM 400;19/6/2007;11.00;22/06/07; 5507 ; 5802 ; 542145813 ; - ; 542145813 ;8%;23%;68%;1%
CRUZEIRO SUL;N1;Bancos;UBS;IPO;ICVM 400;21/6/2007;15.50;26/06/07; 4188 ; 4442 ; 439695785 ; 133820459 ; 573516244 ;8%;1%;59%;31%
DAYCOVAL;N1;Bancos;UBS;IPO;ICVM 400;26/6/2007;17.00;29/06/07; 7518 ; 8014 ; 936406104 ; 156067684 ; 1092473788 ;9%;19%;70%;2%
MARFRIG;NM;Carnes e Derivados;Merrill Lynch;IPO;ICVM 400;26/6/2007;17.00;29/06/07; 4899 ; 5527 ; 654065548 ; 366444452 ; 1020510000 ;5%;27%;68%;0%
TEGMA;NM;Transporte Rodoviário;JP Morgan;IPO;ICVM 400;28/6/2007;26.00;03/07/07; 6714 ; 7147 ; 290228506 ; 313751494 ; 603980000 ;9%;32%;59%;0%
DROGASIL;NM;Medicamentos;UBS;FOLLOW-ON;ICVM 400;28/6/2007;15.00;03/07/07; 7204 ; 7676 ; 235400100 ; 157290300 ; 392690400 ;10%;23%;67%;0%
INDUSVAL;N2;Bancos;Credit Suisse;IPO;ICVM 400;10/7/2007;17.50;12/07/07; 283 ; 348 ; 227500018 ; 25060753 ; 252560770 ;8%;4%;88%;0%
REDECARD;NM;Serviços Financeiros Diversos;Unibanco;IPO;ICVM 400;11/7/2007;27.00;13/07/07; 29315 ; 31297 ; 419999985 ; 4222694700 ; 4642694685 ;9%;19%;72%;0%
INVEST TUR;NM;Exploração de Imóveis;Credit Suisse;IPO;ICVM 400;12/7/2007;1000.00;16/07/07; 16 ; 114 ; 945000000 ; - ; 945000000 ;1%;6%;87%;6%
MINERVA;NM;Carnes e Derivados;Credit Suisse;IPO;ICVM 400;18/7/2007;18.50;20/07/07; 11539 ; 12115 ; 370000000 ; 74000000 ; 444000000 ;10%;28%;62%;0%
PATAGONIA ¹;BDR;Bancos;JP Morgan;IPO;ICVM 400;18/7/2007;48.38;20/07/07; 2830 ; 2917 ; 7619850 ; 68336750 ; 75956600 ;1%;2%;97%;0%
CIA HERING;NM;Vestuário;Itaú BBA;FOLLOW-ON;ICVM 400;19/7/2007;11.00;23/07/07; 9089 ; 9404 ; 229163000 ; 82500000 ; 311663000 ;8%;28%;63%;0%
MRV;NM;Construção Civil;UBS;IPO;ICVM 400;19/7/2007;26.00;23/07/07; 15461 ; 16745 ; 1071155202 ; 122244798 ; 1193400000 ;8%;19%;73%;0%
KROTON;N2;Serviços Educacionais;Morgan Stanley;IPO;ICVM 400;19/7/2007;39.00;23/07/07; 11158 ; 12081 ; 395695287 ; 83078463 ; 478773750 ;9%;20%;70%;0%
GUARANI;NM;Alimentos Diversos;UBS;IPO;ICVM 400;19/7/2007;13.50;23/07/07; 12229 ; 12750 ; 665758062 ; - ; 665758062 ;11%;44%;45%;0%
TRIUNFO PART;NM;Exploração de Rodovias;Credit Suisse;IPO;ICVM 400;19/7/2007;9.50;23/07/07; 7067 ; 7427 ; 304438720 ; 208561281 ; 513000000 ;9%;17%;75%;0%
ABC BRASIL;N2;Bancos;UBS;IPO;ICVM 400;23/7/2007;13.50;25/07/07; 5909 ; 6364 ; 599400000 ; 9450000 ; 608850000 ;11%;24%;65%;0%
SPRINGS;NM;Fios e Tecidos;Credit Suisse;IPO;ICVM 400;25/7/2007;19.00;27/07/07; 7307 ; 7592 ; 446500000 ; 209000000 ; 655500000 ;6%;18%;37%;39%
PROVIDENCIA;NM;Materiais Diversos;UBS;IPO;ICVM 400;25/7/2007;15.00;27/07/07; 11036 ; 11615 ; 468750000 ; - ; 468750000 ;9%;23%;67%;0%
MULTIPLAN;N2;Exploração de Imóveis;UBS;IPO;ICVM 400;25/7/2007;25.00;27/07/07; 24137 ; 25531 ; 688327725 ; 236200650 ; 924528375 ;10%;26%;64%;0%
GENERALSHOPP;NM;Exploração de Imóveis;JP Morgan;IPO;ICVM 400;26/7/2007;14.00;30/07/07; 4966 ; 5168 ; 286728400 ; - ; 286728400 ;10%;24%;66%;0%
ESTACIO PART;N2;Serviços Educacionais;UBS;IPO;ICVM 400;26/7/2007;22.50;30/07/07; 10782 ; 11320 ; 268164000 ; 178776000 ; 446940000 ;9%;26%;64%;0%
BANRISUL;N1;Bancos;Credit Suisse;FOLLOW-ON;ICVM 400;24/7/2007;12.00;31/07/07; 13220 ; 13799 ; 799999992 ; 1286956524 ; 2086956516 ;6%;7%;84%;3%
COSAN LTD ¹;BDR;Alimentos Diversos;Morgan Stanley;IPO;ICVM 400;16/8/2007;21.05;17/08/07; 1560 ; 1819 ; 275016440 ; - ; 275016440 ;1%;6%;93%;0%
SATIPEL;NM;Madeira;UBS;IPO;ICVM 400;19/9/2007;13.00;21/09/07; 6756 ; 7211 ; 227766344 ; 184774057 ; 412540401 ;9%;22%;69%;0%
SUL AMERICA;N2;Seguradoras;Unibanco;IPO;ICVM 400;3/10/2007;31.00;05/10/07; 19047 ; 19979 ; 775000000 ; - ; 775000000 ;9%;3%;87%;1%
BICBANCO;N1;Bancos;UBS;IPO;ICVM 400;10/10/2007;11.50;15/10/07; 5158 ; 6257 ; 492915645 ; 328610430 ; 821526075 ;5%;9%;85%;2%
TRISUL;NM;Construção Civil;Morgan Stanley;IPO;ICVM 400;11/10/2007;11.00;15/10/07; 2427 ; 2713 ; 330281050 ; - ; 330281050 ;5%;4%;91%;0%
TENDA;NM;Construção Civil;Itaú BBA;IPO;ICVM 400;10/10/2007;9.00;15/10/07; 10040 ; 10636 ; 603000000 ; - ; 603000000 ;10%;22%;68%;0%
SEB;N2;Serviços Educacionais;Credit Suisse;IPO;ICVM 400;16/10/2007;33.00;18/10/07; 3681 ; 3875 ; 288750000 ; 123750000 ; 412500000 ;6%;14%;80%;0%
BR MALLS PAR;NM;Exploração de Imóveis;Itaú BBA;FOLLOW-ON;ICVM 400;17/10/2007;25.00;19/10/07; 2294 ; 2643 ; 664450000 ; - ; 664450000 ;3%;8%;69%;20%
MARISA;NM;Tecidos. Vestuário e Calçados;Credit Suisse;IPO;ICVM 400;18/10/2007;10.00;22/10/07; 13012 ; 13733 ; 506000000 ; - ; 506000000 ;9%;27%;64%;0%
PDG REALT;NM;Construção Civil;UBS;FOLLOW-ON;ICVM 400;22/10/2007;25.00;23/10/07; 931 ; 1062 ; 575000000 ; - ; 575000000 ;6%;25%;61%;9%
AGRENCO;BDR;Alimentos;Credit Suisse;IPO;ICVM 400;23/10/2007;10.40;25/10/07; 799 ; 908 ; 666187454 ; - ; 666187454 ;1%;3%;88%;9%
BOVESPA HLD;NM;Serviços Financeiros Diversos;Credit Suisse;IPO;ICVM 400;24/10/2007;23.00;26/10/07; 63929 ; 67914 ; - ; 6625520875 ; 6625520875 ;9%;13%;78%;0%
BR BROKERS;NM;Intermediação Imobiliária;Credit Suisse;IPO;ICVM 400;25/10/2007;950.00;29/10/07; 13 ; 130 ; 304017100 ; 395087900 ; 699105000 ;1%;1%;98%;0%
AMIL;NM;Serv Méd Hospit. Análises e Diagnósticos;Credit Suisse;IPO;ICVM 400;25/10/2007;14.00;29/10/07; 4340 ; 4675 ; 994700000 ; 406000000 ; 1400700000 ;4%;16%;80%;0%
HELBOR;NM;Construção Civil;Bradesco BBI;IPO;ICVM 400;24/10/2007;11.00;29/10/07; 709 ; 845 ; 251832053 ; - ; 251832053 ;6%;35%;56%;3%
LAEP;BDR;Laticínios;UBS;IPO;ICVM 400;26/10/2007;7.50;31/10/07; 556 ; 706 ; 507611108 ; - ; 507611108 ;1%;27%;73%;0%
PANAMERICANO;N1;Bancos;UBS;IPO;ICVM 400;13/11/2007;10.00;19/11/07; 21044 ; 21792 ; 700426000 ; - ; 700426000 ;10%;22%;67%;0%
BMF;NM;Serviços Financeiros Diversos;Bradesco BBI;IPO;ICVM 400;28/11/2007;20.00;30/11/07; 253707 ; 260946 ; - ; 5983696920 ; 5983696920 ;10%;12%;77%;0%
MPX ENERGIA;NM;Energia Elétrica;UBS;IPO;ICVM 400;12/12/2007;1006.63;14/12/07; 148 ; 325 ; 2035409887 ; - ; 2035409887 ;2%;9%;71%;18%
PERDIGAO S/A;NM;Carnes e Derivados;Credit Suisse;FOLLOW-ON;ICVM 400;12/12/2007;45.00;14/12/07; 13888 ; 14688 ; 933489000 ; - ; 933489000 ;10%;58%;26%;6%
BRASIL;NM;Bancos;BB Investimentos;FOLLOW-ON;ICVM 400;13/12/2007;29.25;17/12/07; 115013 ; 122023 ; - ; 3443996702 ; 3443996702 ;37%;17%;44%;3%
TEMPO PART;NM;Serv Méd Hospit. Análises e Diagnósticos;UBS;IPO;ICVM 400;17/12/2007;7.00;19/12/07; 3791 ; 3938 ; 393750000 ; 26045600 ; 419795600 ;9%;7%;84%;1%
NUTRIPLANT;MA;Fertilizantes e Defensivos;HSBC;IPO;ICVM 400;11/2/2008;10.00;13/02/08; 1 ; 8 ; 20701000 ; - ; 20701000 ;37%;26%;11%;27%
GP INVEST ¹;BDR;Holdings Diversificadas;Credit Suisse;FOLLOW-ON;ICVM 400;22/2/2008;59.00;26/02/08; 48 ; 159 ; 366707007 ; - ; 366707007 ;5%;7%;88%;0%
REDECARD;NM;Serviços Financeiros Diversos;Citi;FOLLOW-ON;ICVM 400;12/3/2008;26.00;14/03/08; 7218 ; 7714 ; - ; 1216703202 ; 1216703202 ;8%;12%;80%;0%
HYPERMARCAS;NM;Produtos Diversos;Citi;IPO;ICVM 400;16/4/2008;17.00;18/04/08; 12933 ; 13465 ; 612390099 ; - ; 612390099 ;10%;2%;85%;3%
ANHANGUERA;N2;Serviços Educacionais;Credit Suisse;FOLLOW-ON;ICVM 400;22/4/2008;26.00;23/04/08; 1064 ; 1207 ; 508300000 ; - ; 508300000 ;4%;0%;96%;0%
COPASA;NM;Água e Saneamento;BB Investimentos;FOLLOW-ON;ICVM 400;23/4/2008;24.50;25/04/08; 747 ; 939 ; - ; 460024765 ; 460024765 ;2%;20%;77%;0%
GERDAU;N1;Siderurgia;Itaú BBA;FOLLOW-ON;ICVM 400;24/4/2008;60.30;28/04/08; 9770 ; 10800 ; 2900252959 ; - ; 2900252959 ;9%;12%;29%;50%
GERDAU MET;N1;Siderurgia;Itaú BBA;FOLLOW-ON;ICVM 400;24/4/2008;78.35;28/04/08; 3238 ; 3907 ; 1505181302 ; - ; 1505181302 ;21%;36%;16%;27%
LE LIS BLANC;NM;Tecidos. Vestuário e Calçados;Merrill Lynch;IPO;ICVM 400;25/4/2008;6.75;29/04/08; 270 ; 318 ; 150187500 ; - ; 150187500 ;1%;1%;87%;11%
OGX PETROLEO;NM;Exploração e/ou Refino;UBS;IPO;ICVM 400;11/6/2008;1131.00;13/06/08; 1308 ; 2560 ; 6711662763 ; - ; 6711662763 ;8%;8%;63%;20%
SLC AGRICOLA;NM;Agricultura;Credit Suisse;FOLLOW-ON;ICVM 400;25/6/2008;27.50;27/06/08; 2860 ; 3076 ; 258431250 ; 110756223 ; 369187473 ;8%;12%;78%;1%
VALE R DOCE;N1;Minerais Metálicos;Credit Suisse;FOLLOW-ON;ICVM 400;16/7/2008;43.58;18/07/08; 29608 ; 32392 ; 19434193129 ; - ; 19434193129 ;5%;14%;39%;42%
REDECARD;NM;Serviços Financeiros Diversos;Citi;FOLLOW-ON;ICVM 400;24/3/2009;24.50;26/03/09; 2604 ; 3435 ; - ; 2212895370 ; 2212895370 ;4%;8%;87%;0%
MRV;NM;Construção Civil;UBS;FOLLOW-ON;ICVM 400;23/6/2009;24.50;25/06/09; 1310 ; 1880 ; 595350000 ; 126787500 ; 722137500 ;7%;23%;70%;0%
VISANET;NM;Serviços Financeiros Diversos;Bradesco BBI;IPO;ICVM 400;25/6/2009;15.00;29/06/09; 49037 ; 52943 ; - ; 8397208920 ; 8397208920 ;8%;15%;57%;21%
BR MALLS PAR;NM;Exploração de Imóveis;Itaú BBA;FOLLOW-ON;ICVM 400;1/7/2009;15.00;03/07/09; 2716 ; 3397 ; 454270140 ; 381586905 ; 835857045 ;8%;12%;79%;0%
LIGHT S/A;NM;Energia Elétrica;Itaú BBA;FOLLOW-ON;ICVM 400;13/7/2009;24.00;15/07/09; 4294 ; 4871 ; - ; 772091520 ; 772091520 ;18%;34%;47%;1%
HYPERMARCAS;NM;Produtos Diversos;Citi;FOLLOW-ON;ICVM 400;14/7/2009;23.00;16/07/09; 3899 ; 4442 ; 563500000 ; 230000000 ; 793500000 ;9%;11%;80%;0%
BRF FOODS;NM;Carnes e Derivados;UBS;FOLLOW-ON;ICVM 400;21/7/2009;40.00;23/07/09; 13211 ; 14783 ; 5290000000 ; - ; 5290000000 ;6%;22%;32%;41%
NATURA;NM;Produtos de Uso Pessoal;Itaú BBA;FOLLOW-ON;ICVM 400;30/7/2009;26.50;03/08/09; 6237 ; 6944 ; - ; 1505104892 ; 1505104892 ;9%;26%;59%;6%
TIVIT;NM;Programas e Serviços;Credit Suisse;IPO;ICVM 400;24/9/2009;15.00;28/09/09; 5774 ; 6191 ; - ; 574566690 ; 574566690 ;9%;6%;85%;0%
MULTIPLAN;N2;Exploração de Imóveis;BTG Pactual;FOLLOW-ON;ICVM 400;24/9/2009;26.50;28/09/09; 5318 ; 6050 ; 792350000 ; - ; 792350000 ;8%;14%;74%;4%
ROSSI RESID;NM;Construção Civil;Credit Suisse;FOLLOW-ON;ICVM 400;1/10/2009;12.50;05/10/09; 4342 ; 4825 ; 928125000 ; - ; 928125000 ;8%;19%;73%;0%
PDG REALT;NM;Construção Civil;BTG Pactual;FOLLOW-ON;ICVM 400;1/10/2009;14.00;05/10/09; 2521 ; 3287 ; 784000000 ; 274400000 ; 1058400000 ;8%;19%;73%;0%
SANTANDER BR ¹;N2;Bancos;Santander;IPO;ICVM 400;6/10/2009;23.50;07/10/09; 74132 ; 101673 ; 13182457728 ; - ; 13182457728 ;8%;10%;80%;1%
GOL ¹;N2;Transporte Aéreo;Itaú BBA;FOLLOW-ON;ICVM 400;8/10/2009;16.50;13/10/09; 3588 ; 3986 ; 627082500 ; 399052500 ; 1026135000 ;5%;45%;49%;2%
BROOKFIELD;NM;Construção Civil;Itaú BBA;FOLLOW-ON;ICVM 400;20/10/2009;6.80;22/10/09; 5833 ; 6519 ; 562700000 ; 102000000 ; 664700000 ;9%;42%;43%;5%
CCR RODOVIAS;NM;Exploração de Rodovias;Itaú BBA;FOLLOW-ON;ICVM 400;21/10/2009;33.00;23/10/09; 4930 ; 5612 ; 1263735000 ; - ; 1263735000 ;9%;22%;69%;0%
IGUATEMI;NM;Exploração de Imóveis;Itaú BBA;FOLLOW-ON;ICVM 400;22/10/2009;28.50;26/10/09; 3563 ; 3847 ; 410400000 ; - ; 410400000 ;9%;33%;58%;0%
CETIP;NM;Serviços Financeiros Diversos;Itaú BBA;IPO;ICVM 400;26/10/2009;13.00;28/10/09; 5058 ; 5437 ; - ; 772991934 ; 772991934 ;10%;5%;84%;0%
CYRELA REALT;NM;Construção Civil;Credit Suisse;FOLLOW-ON;ICVM 400;27/10/2009;22.00;29/10/09; 5170 ; 5766 ; 1182500000 ; - ; 1182500000 ;8%;2%;72%;17%
MARFRIG;NM;Carnes e Derivados;Bradesco BBI;FOLLOW-ON;ICVM 400;11/11/2009;19.00;12/11/09; 5 ; 2644 ; 1501760000 ; - ; 1501760000 ;1%;27%;48%;24%
DIRECIONAL;NM;Construção Civil;Santander;IPO;ICVM 400;17/11/2009;10.50;19/11/09; 588 ; 661 ; 273999999 ; - ; 273999999 ;7%;7%;64%;21%
ENERGIAS BR;NM;Energia Elétrica;Bradesco BBI;FOLLOW-ON;ICVM 400;24/11/2009;28.50;26/11/09; 1109 ; 1551 ; - ; 441750000 ; 441750000 ;9%;32%;58%;0%
ANHANGUERA;N2;Serviços Educacionais;Itaú BBA;FOLLOW-ON;ICVM 400;8/12/2009;22.50;10/12/09; 1487 ; 1924 ; - ; 750375000 ; 750375000 ;9%;12%;79%;0%
FLEURY;NM;Serv Méd Hospit. Análises e Diagnósticos;Bradesco BBI;IPO;ICVM 400;15/12/2009;16.00;17/12/09; 4631 ; 5176 ; 630233120 ; - ; 630233120 ;9%;16%;75%;0%
ALIANSCE;NM;Exploração de Imóveis ;BTG Pactual;IPO;ICVM 400;27/1/2010;9.00;29/01/10; 1626 ; 1892 ; 450000000 ; 193500000 ; 643500000 ;7%;20%;73%;0%
INPAR S/A;NM;Construção Civil ;Credit Suisse;FOLLOW-ON;ICVM 400;2/2/2010;3.20;04/02/10; 1423 ; 1612 ; 280000000 ; - ; 280000000 ;7%;25%;68%;0%
MULTIPLUS;NM;Programas de Fidelização ;BTG Pactual;IPO;ICVM 400;3/2/2010;16.00;05/02/10; 1167 ; 1388 ; 692384000 ; - ; 692384000 ;4%;0%;82%;13%
PDG REALT;NM;Construção Civil;Credit Suisse;FOLLOW-ON;ICVM 400;4/2/2010;14.50;08/02/10; 2802 ; 3491 ; - ; 1618891462 ; 1618891462 ;10%;43%;47%;0%
BR PROPERT;NM;Exploração de Imóveis;Itaú BBA;IPO;ICVM 400;4/3/2010;13.00;08/03/10; 1451 ; 1831 ; 747500000 ; 186888000 ; 934388000 ;4%;29%;65%;2%
OSX BRASIL ;NM;Máquinas e Equipamentos;Credit Suisse;IPO;ICVM 400;18/3/2010;800.00;22/03/10; 30 ; 184 ; 2450400000 ; - ; 2450400000 ;1%;2%;69%;28%
GAFISA ¹;NM;Construção Civil;Itaú BBA;FOLLOW-ON;ICVM 400;23/3/2010;12.50;25/03/10; 2488 ; 2910 ; 1063750000 ; - ; 1063750000 ;6%;32%;62%;0%
ECORODOVIAS;NM;Exploração de Rodovias;Itaú BBA;IPO;ICVM 400;30/3/2010;9.50;01/04/10; 1982 ; 2647 ; 874000000 ; 494028500 ; 1368028500 ;5%;29%;51%;15%
HYPERMARCAS;NM;Produtos Diversos;Citi;FOLLOW-ON;ICVM 400;31/3/2010;21.00;05/04/10; 2697 ; 3616 ; 1232616000 ; - ; 1232616000 ;8%;20%;72%;0%
MILLS;NM;Serviços Diversos;Itaú BBA;IPO;ICVM 400;14/4/2010;11.50;16/04/10; 1086 ; 1358 ; 425925926 ; 259814808 ; 685740734 ;3%;15%;77%;4%
EVEN;NM;Construção Civil;Itaú BBA;FOLLOW-ON;ICVM 400;15/4/2010;6.00;19/04/10; 2156 ; 2515 ; 326000004 ; 180000000 ; 506000004 ;10%;33%;47%;10%
JULIO SIMOES;NM;Transporte Rodoviário;Bradesco BBI;IPO;ICVM 400;19/4/2010;8.00;22/04/10; 726 ; 989 ; 477902824 ; - ; 477902824 ;3%;15%;65%;17%
JBS;NM;Carnes e Derivados;BTG Pactual;FOLLOW-ON;ICVM 400;27/4/2010;8.00;29/04/10; 3378 ; 4070 ; 1600000000 ; - ; 1600000000 ;9%;56%;34%;1%
BRASIL;NM;Bancos;BB Investimentos;FOLLOW-ON;ICVM 400;30/6/2010;24.65;02/07/10; 103471 ; 113502 ; 7049900000 ; 2711500000 ; 9761400000 ;16%;43%;39%;2%
RENOVA;N2;Energia Elétrica;Santander;IPO;ICVM 400;8/7/2010;15.00;13/07/10; 579 ; 619 ; 160707000 ; - ; 160707000 ;9%;0%;2%;89%
PETROBRAS;BÁSICO;Exploração e/ou Refino ;Bradesco BBI;FOLLOW-ON;ICVM 400;23/9/2010;28.16;27/09/10; 104109 ; 112827 ; 120248558770 ; - ; 120248558770 ;3%;10%;20%;66%
ESTACIO PART;NM;Serviços Educacionais;BTG Pactual;FOLLOW-ON;ICVM 400;30/9/2010;19.00;04/10/10; 1173 ; 1701 ; 62326156 ; 623261560 ; 685587716 ;9%;21%;70%;0%
HRT PETROLEO;NM;Exploração e/ou Refino ;Credit Suisse;IPO;ICVM 400;21/10/2010;1200.00;25/10/10; 127 ; 646 ; 2474746800 ; 6253200 ; 2481000000 ;2%;13%;85%;0%
LOPES BRASIL;NM;Intermediação Imobiliária;Itaú BBA;FOLLOW-ON;ICVM 400;21/10/2010;37.51;25/10/10; 2035 ; 2215 ; 207055200 ; - ; 207055200 ;9%;26%;65%;0%
BR INSURANCE;NM;Corretoras de Seguros;Morgan Stanley;IPO;ICVM 400;28/10/2010;1350.00;01/11/10; 70 ; 472 ; 348097500 ; 296527500 ; 644625000 ;5%;15%;80%;0%
ANHANGUERA;NM;Serviços Educacionais;Itaú BBA;FOLLOW-ON;ICVM 400;9/12/2010;36.70;13/12/10; 2124 ; 2484 ; 844100000 ; - ; 844100000 ;9%;16%;75%;0%
RAIA;NM;Medicamentos;Itaú BBA;IPO;ICVM 400;16/12/2010;24.00;20/12/10; 6672 ; 7477 ; 525655800 ; 129041880 ; 654697680 ;9%;26%;65%;0%
AREZZO CO ;NM;Tecidos. Vestuário e Calçados;Itaú BBA;IPO;ICVM 400;31/1/2011;19.00;02/02/11; 8992 ; 9799 ; 195588242 ; 370220605 ; 565808847 ;8%;22%;70%;0%
SIERRABRASIL ;NM;Exploração de Imóveis ;Credit Suisse;IPO;ICVM 400;1/2/2011;20.00;03/02/11; 3389 ; 3739 ; 465020860 ; - ; 465020860 ;9%;35%;55%;0%
TECNISA ;NM;Construção Civil;Itaú BBA;FOLLOW-ON;ICVM 400;1/2/2011;10.00;03/02/11; 2391 ; 2665 ; 398305000 ; - ; 398305000 ;9%;39%;51%;0%
AUTOMETAL ;NM;Material Rodoviário;Santander;IPO;ICVM 400;3/2/2011;14.00;07/02/11; 3545 ; 3837 ; 440752200 ; 13559420 ; 454311620 ;9%;14%;64%;14%
BR BROKERS ;NM;Intermediação Imobiliária ;Credit Suisse;FOLLOW-ON;ICVM 400;3/2/2011;7.90;07/02/11; 2729 ; 2874 ; 189303553 ; - ; 189303553 ;9%;10%;81%;0%
QGEP PART ;NM;Exploração e/ou Refino ;Itaú BBA;IPO;ICVM 400;7/2/2011;19.00;09/02/11; 8896 ; 9722 ; 1515079361 ; - ; 1515079361 ;12%;15%;72%;1%
DIRECIONAL;NM;Construção Civil ;Itaú BBA;FOLLOW-ON;ICVM 400;9/2/2011;11.00;11/02/11; 1162 ; 1336 ; 228800000 ; 79200000 ; 308000000 ;11%;8%;81%;0%
MAGNESITA SA;NM;Materiais Diversos ;Itaú BBA;FOLLOW-ON;ICVM 400;11/2/2011;8.25;15/02/11; 1620 ; 1822 ; 278602500 ; - ; 278602500 ;13%;34%;53%;0%
IMC HOLDINGS;NM;Restaurante e Similares ;BTG Pactual;IPO;ICVM 400;3/3/2011;13.50;09/03/11; 669 ; 775 ; 320515988 ; 133079733 ; 453595721 ;3%;4%;93%;0%
TIME FOR FUN;NM;Produção de Eventos e Shows;Credit Suisse;IPO;ICVM 400;11/4/2011;16.00;13/04/11; 900 ; 1041 ; 187586208 ; 315476128 ; 503062336 ;4%;5%;91%;0%
GERDAU;N1;Siderurgia;BTG Pactual;FOLLOW-ON;ICVM 400;12/4/2011;18.34;14/04/11; 10579 ; 12141 ; 3719719767 ; 1265229454 ; 4984949221 ;8%;30%;39%;24%
MAGAZ LUIZA;NM;Eletrodomésticos;Itaú BBA;IPO;ICVM 400;28/4/2011;16.00;02/05/11; 34496 ; 36995 ; 583911472 ; 302469264 ; 886380736 ;21%;30%;47%;2%
BR MALLS PAR ;NM;Exploração de Imóveis;Itaú BBA;FOLLOW-ON;ICVM 400;10/5/2011;17.20;12/05/11; 950 ; 1486 ; 731000000 ; - ; 731000000 ;6%;23%;71%;0%
BR PHARMA;NM;Medicamentos;BTG Pactual;IPO;ICVM 400;22/6/2011;17.25;27/06/11; 141 ; 372 ; 414000000 ; - ; 414000000 ;10%;33%;56%;0%
QUALICORP;NM;Serv Méd Hospit. Análises e Diagnósticos;BofA Merrill Lynch;IPO;ICVM 400;27/6/2011;13.00;29/06/11; 807 ; 997 ; 353852577 ; 731295305 ; 1085147882 ;2%;8%;90%;0%
BR PROPERT ;NM;Exploração de Imóveis ;Itaú BBA;FOLLOW-ON;ICVM 400;28/6/2011;17.15;30/06/11; 607 ; 951 ; 690287500 ; - ; 690287500 ;6%;25%;69%;1%
TECHNOS;NM;Acessórios;Itaú BBA;IPO;ICVM 400;28/6/2011;16.50;01/07/11; 586 ; 739 ; 180608109 ; 280945946 ; 461554055 ;6%;39%;55%;0%
KROTON;N2;Serviços Educacionais;Itaú BBA;FOLLOW-ON;ICVM 400;29/6/2011;19.25;01/07/11; 413 ; 587 ; 380229850 ; 15400000 ; 395629850 ;8%;20%;72%;0%
METAL LEVE;NM;Material Rodoviário;Itaú BBA;FOLLOW-ON;ICVM 400;30/6/2011;41.00;05/07/11; 377 ; 619 ; - ; 305766315 ; 305766315 ;9%;41%;38%;12%
ENERGIAS BR;NM;Energia Elétrica;Santander;FOLLOW-ON;ICVM 400;7/7/2011;37.00;11/07/11; 1278 ; 1816 ; - ; 810724020 ; 810724020 ;11%;29%;60%;0%
ABRIL EDUCA;N2;Jornais. Livros e Revistas ;Credit Suisse;IPO;ICVM 400;21/7/2011;20.00;26/07/11; 1394 ; 1604 ; 371134040 ; - ; 371134040 ;12%;36%;42%;10%
TIM PART S/A;NM;Telefonia móvel ;Itaú BBA;FOLLOW-ON;ICVM 400;4/10/2011;8.60;06/10/11; 650 ; 988 ; 1722221965 ; - ; 1722221965 ;2%;8%;21%;68%
QUALICORP;NM;Serv Méd Hospit. Análises e Diagnósticos;Credit Suisse;FOLLOW-ON;ICVM 400;17/4/2012;16.50;18/04/12; 731 ; 1077 ; - ; 758544452 ; 758544452 ;6%;27%;66%;0%
LOCAMERICA;NM;Aluguel de carros;Itaú BBA;IPO;ICVM 400;19/4/2012;9.00;23/04/12; 239 ; 391 ; 163636362 ; 109343196 ; 272979558 ;5%;49%;46%;0%
FIBRIA;NM;Papel e Celulose;Itaú BBA;FOLLOW-ON;ICVM 400;24/4/2012;15.83;25/04/12; 847 ; 949 ; 1361380000 ; - ; 1361380000 ;3%;6%;32%;59%
BTG PACTUAL;BÁSICO;Bancos;BTG Pactual;IPO;ICVM 400;24/4/2012;31.25;26/04/12; 6122 ; 7221 ; 2587500000 ; 646875000 ; 3234375000 ;10%;14%;68%;9%
UNICASA;NM;Móveis ;BTG Pactual;IPO;ICVM 400;25/4/2012;14.00;27/04/12; 774 ; 1040 ; 127909096 ; 297687082 ; 425596178 ;4%;51%;45%;0%
BR PHARMA;NM;Medicamento;BTG Pactual;FOLLOW-ON;ICVM 400;21/6/2012;9.25;25/06/12; 18 ; 384 ; 488400000 ; 64750000 ; 553150000 ;0%;32%;45%;23%
SUZANO PAPEL;N1;Papel e Celulose;BTG Pactual;FOLLOW-ON;ICVM 400;27/6/2012;4.00;29/06/12; 281 ; 484 ; 1463368856 ; - ; 1463368856 ;12%;16%;10%;62%
TAESA;N2;Energia Elétrica;BTG Pactual;FOLLOW-ON;ICVM 400;19/7/2012;65.00;20/07/12; 1547 ; 2184 ; 1755000000 ; - ; 1755000000 ;4%;32%;55%;10%
MINERVA;NM;Carnes e Derivados;BTG Pactual;FOLLOW-ON;ICVM 400;28/11/2012;11.00;30/11/12; 1142 ; 1483 ; 415391900 ; 82500000 ; 497891900 ;10%;42%;44%;5%
MARFRIG;NM;Carnes e Derivados;Itaú BBA;FOLLOW-ON;ICVM 400;4/12/2012;8.00;06/12/12; 2439 ; 2881 ; 1050000000 ; - ; 1050000000 ;3%;25%;54%;18%
EQUATORIAL;NM;Energia Elétrica;BTG Pactual;FOLLOW-ON;ICVM 400;7/12/2012;16.00;10/12/12; 3146 ; 3554 ; 1210113984 ; 210454608 ; 1420568592 ;7%;51%;42%;0%
ALIANSCE;NM;Exploração de Imóveis ;Itaú BBA;FOLLOW-ON;ICVM 400;12/12/2012;23.25;14/12/12; 3613 ; 3998 ; 447629693 ; - ; 447629693 ;11%;36%;52%;0%
ESTACIO PART;NM;Serviços Educacionais;Credit Suisse;FOLLOW-ON;ICVM 400;23/1/2013;42.00;28/01/13; 6213 ; 6708 ; 616858200 ; 151826346 ; 768684546 ;10%;34%;55%;0%
LINX;NM;Programas e Serviços;Credit Suisse;IPO;ICVM 400;6/2/2013;27.00;08/02/13; 6247 ; 6923 ; 343102500 ; 184747500 ; 527850000 ;11%;27%;62%;0%
SENIOR SOL;MA;Programas e Serviços;Banco Votorantim;IPO;ICVM 400;6/3/2013;11.50;08/03/13; 1221 ; 1318 ; 39655163 ; 17806830 ; 57461993 ;31%;45%;13%;11%
MULTIPLAN;N2;Exploração de Imóveis;Credit Suisse;FOLLOW-ON;ICVM 400;27/3/2013;58.00;01/04/13; 8158 ; 8887 ; 626400000 ; - ; 626400000 ;10%;25%;50%;15%
BIOSEV;NM;Açúcar e Álcool;BTG Pactual;IPO;ICVM 400;15/4/2013;15.00;19/04/13; 890 ; 961 ; 700000005 ; - ; 700000005 ;2%;21%;77%;0%
BHG;NM;Hotelaria;Itaú BBA;FOLLOW-ON;ICVM 400;18/4/2013;17.50;22/04/13; 3776 ; 3963 ; 355490520 ; - ; 355490520 ;19%;20%;59%;2%
ALUPAR;N2;Energia Elétrica;Itaú BBA;IPO;ICVM 400;22/4/2013;18.50;24/04/13; 4935 ; 5310 ; 821226100 ; - ; 821226100 ;15%;30%;55%;1%
ABRIL EDUCA;N2;Jornais. Livros e Revistas ;Itaú BBA;FOLLOW-ON;ICVM 400;24/4/2013;45.00;26/04/13; 3026 ; 3269 ; 126673920 ; 395222535 ; 521896455 ;12%;30%;54%;4%
BB SEGURIDADE;NM;Seguradoras;BB Investimentos;IPO;ICVM 400;25/4/2013;17.00;29/04/13; 103359 ; 114335 ; - ; 11475000000 ; 11475000000 ;16%;23%;58%;3%
SMILES;NM;Programas de Fidelização ;Credit Suisse;IPO;ICVM 400;25/4/2013;21.70;29/04/13; 3655 ; 4096 ; 1132173890 ; - ; 1132173890 ;9%;14%;40%;36%
IGUATEMI;NM;Exploração de Imóveis;Itaú BBA;FOLLOW-ON;ICVM 400;4/6/2013;23.50;06/06/13; 1892 ; 2082 ; 425364100 ; - ; 425364100 ;10%;21%;58%;11%
CPFL RENOVAV;NM;Energia Elétrica;BofA Merrill Lynch;IPO;ICVM 400;17/7/2013;12.51;19/07/13; 1260 ; 1321 ; 364687304 ; 549999998 ; 914687302 ;3%;45%;25%;28%
TUPY;NM;Material Rodoviário;Citi;FOLLOW-ON;ICVM 400;16/10/2013;17.50;18/10/13; 322 ; 517 ; 523250000 ; - ; 523250000 ;6%;40%;55%;0%
ANIMA;NM;Serviços Educacionais;Itaú BBA;IPO;ICVM 400;24/10/2013;18.50;28/10/13; 1218 ; 1487 ; 426020572 ; 78036349 ; 504056920 ;9%;40%;51%;1%
SER EDUCA;NM;Serviços Educacionais;BTG Pactual;IPO;ICVM 400;25/10/2013;17.50;29/10/13; 1059 ; 1311 ; 309714090 ; 309714090 ; 619428180 ;3%;39%;58%;0%
CVC BRASIL;NM;Viagens e Turismo;Itaú BBA;IPO;ICVM 400;5/12/2013;16.00;09/12/13; 2316 ; 2540 ; - ; 541465600 ; 541465600 ;9%;42%;48%;0%
VIAVAREJO;N2;Eletrodomésticos;Credit Suisse;FOLLOW-ON;ICVM 400;12/12/2013;23.00;16/12/13; 1431 ; 1826 ; - ; 2845030632 ; 2845030632 ;1%;24%;75%;0%
OI¹;N1;Telefonia Fixa;BTG Pactual;FOLLOW-ON;ICVM 400;28/4/2014;2.06;30/04/14; 3429 ; 4369 ; 13959899999 ; - ; 13959899999 ;1%;12%;41%;46%
OUROFINO S/A;NM;Medicamentos e Outros Produtos;JP Morgan;IPO;ICVM 400;17/10/2014;27.00;21/10/14; 2570 ; 2922 ; 106442289 ; 311538474 ; 417980763 ;10%;22%;20%;48%
TELEF BRASIL¹;BÁSICO;Telefonia Fixa;Itaú BBA;FOLLOW-ON;ICVM 400;27/4/2015;44.15;29/04/15; 956 ; 1850 ; 16107285059 ; - ; 16107285059 ;0%;8%;70%;22%
PARCORRETORA;NM;Corretoras de Seguros;Bradesco BBI;IPO;ICVM 400;2/6/2015;12.33;05/06/15; 3693 ; 4527 ; - ; 602800014 ; 602800014 ;10%;37%;52%;1%
VALID;NM;Serviços Diversos ;Itaú BBA;FOLLOW-ON;ICVM 476;22/9/2015;44.00;23/09/15; 42 ; 449 ; 396000000 ; - ; 396000000 ;1%;28%;70%;0%
GENERALSHOPP;NM;Exploração de Imóveis ;Santander;FOLLOW-ON;ICVM 476;14/9/2015;3.99;01/10/15; - ; 1 ; 57932406 ; - ; 57932406 ;0%;0%;0%;100%
GERDAU MET;N1;Siderurgia;BTG Pactual;FOLLOW-ON;ICVM 476;17/11/2015;1.80;19/11/15; 225 ; 558 ; 900000000 ; - ; 900000000 ;4%;35%;25%;36%
BR PHARMA;NM;Medicamentos;BTG Pactual;FOLLOW-ON;ICVM 476;19/1/2016;3.78;02/02/16; - ; 1 ; 400000001 ; - ; 400000001 ;0%;0%;0%;100%
MERC INVEST;BÁSICO;Bancos;Banco Votorantim;FOLLOW-ON;ICVM 476;10/3/2016;0.33;11/03/16; - ; 5 ; 190474337 ; - ; 190474337 ;0%;0%;0%;100%
RUMO LOG;NM;Transporte Ferroviário;Santander;FOLLOW-ON;ICVM 476;7/4/2016;2.50;08/04/16; 30 ; 407 ; 2600000000 ; - ; 2600000000 ;0%;12%;48%;41%
FRAS-LE;N1;Material Rodoviário;Santander;FOLLOW-ON;ICVM 476;8/4/2016;3.24;25/04/16; 15 ; 60 ; 300000001 ; - ; 300000001 ;2%;42%;3%;53%
ENERGISA;N2;Energia Elétrica;Citi;FOLLOW-ON;ICVM 400;27/7/2016;18.50;28/07/16; 1824 ; 2560 ; 1535962500 ; - ; 1535962500 ;10%;35%;54%;1%
CVC BRASIL;NM;Viagens e Turismo;BofA Merrill Lynch;FOLLOW-ON;ICVM 476;10/8/2016;20.50;16/08/16; 2 ; 714 ; - ; 1230000000 ; 1230000000 ;0%;34%;65%;1%
LINX;NM;Programas e Serviços;BTG Pactual;FOLLOW-ON;ICVM 476;26/9/2016;18.50;28/09/16; 1 ; 342 ; 444000000 ; - ; 444000000 ;0%;29%;71%;0%
TAESA;N2;Energia Elétrica;BofA Merrill Lynch;FOLLOW-ON;ICVM 476;18/10/2016;19.65;24/10/16; - ; 684 ; - ; 1291048820 ; 1291048820 ;0%;32%;68%;0%
ALLIAR;NM;Serviços Médicos Hospitalares. Análises e Diagnósticos;Itaú BBA;IPO;ICVM 400;26/10/2016;20.00;28/10/16; 1771 ; 2035 ; 279069780 ; 395127820 ; 674197600 ;9%;37%;53%;1%
SANEPAR;N2;Água e Saneamento;Bradesco BBI;FOLLOW-ON;ICVM 400;19/12/2016;9.50;21/12/16; 1310 ; 1757 ; 257592187 ; 1717571453 ; 1975163639 ;9%;51%;39%;1%
MOVIDA;NM;Aluguel de Carros;Bradesco BBI;IPO;ICVM 400;6/2/2017;7.50;08/02/17; 1096 ; 1373 ; 535955055 ; 64128735 ; 600083790 ;9%;31%;45%;15%
IHPARDINI;NM;Serviços Médicos Hospitalares. Análises e Diagnósticos;Itaú BBA;IPO;ICVM 400;10/2/2017;19.00;14/02/17; 4616 ; 5042 ; 187272151 ; 690396673 ; 877668824 ;10%;48%;41%;1%
CCR SA ;NM;Exploração de Rodovias;Bradesco BBI;FOLLOW-ON;ICVM 476;9/2/2017;16.00;10/02/17; - ; 396 ; 4070604800 ; - ; 4070604800 ;0%;13%;68%;19%
LOJAS AMERIC;BÁSICO;Produtos Diversos;Credit Suisse;FOLLOW-ON;ICVM 476;8/3/2017;15.80;10/03/17; - ; 1203 ; 2405053617 ; - ; 2405053617 ;0%;39%;47%;14%
ALUPAR;N2;Energia Elétrica;Santander;FOLLOW-ON;ICVM 476;4/4/2017;6.50;06/04/17; 150 ; 811 ; 833462494 ; - ; 833462494 ;0%;45%;55%;0%
AZUL¹;N2;Transporte Aéreo;Itaú BBA;IPO;ICVM 400;10/4/2017;21.00;11/04/17; 1517 ; 1753 ; 1323000000 ; 698036577 ; 2021036577 ;6%;8%;86%;0%
SANTANDER BR ¹;BÁSICO;Bancos;BofA Merrill Lynch;FOLLOW-ON;ICVM 476;6/4/2017;25.00;06/04/17; - ; 157 ; - ; 2000000000 ; 2000000000 ;0%;19%;81%;0%
BR MALLS PAR;NM;Exploração de Imóveis;Itaú BBA;FOLLOW-ON;ICVM 476;24/5/2017;11.00;24/05/17; 53 ; 536 ; 1730088492 ; - ; 1730088492 ;0%;33%;66%;0%
BR PROPERT;NM;Exploração de Imóveis ;Itaú BBA;FOLLOW-ON;ICVM 476;29/6/2017;8.75;03/07/17; 12 ; 179 ; 952934929 ; - ; 952934929 ;0%;4%;96%;0%
CARREFOUR BR;NM;Alimentos;Itaú BBA;IPO;ICVM 400;18/7/2017;15.00;20/07/17; 4068 ; 4839 ; 3088235295 ; 1884470475 ; 4972705770 ;5%;32%;63%;1%
BIOTOSCANA;BDR;Medicamentos e Outros Produtos;JP Morgan;IPO;ICVM 400;18/7/2017;26.50;25/07/17; 4295 ; 4661 ; 424000000 ; 917562500 ; 1341562500 ;10%;22%;68%;0%
IRBBRASIL RE;NM;Seguradoras;Bradesco BBI;IPO;ICVM 400;27/7/2017;27.24;31/07/17; 7324 ; 7879 ; - ; 2003610960 ; 2003610960 ;10%;27%;63%;0%
OMEGA GER;NM;Energia Elétrica;BTG Pactual;IPO;ICVM 400;27/7/2017;15.60;31/07/17; 776 ; 1017 ; 538538504 ; 250637962 ; 789176466 ;4%;59%;25%;12%
BAHEMA;BÁSICO;Holdings Diversificadas;Coinvalores CCVM Ltda;FOLLOW-ON;ICVM 476;31/3/2017;53.78;04/08/17; 2 ; 11 ; 30555215 ; - ; 30555215 ;2%;76%;0%;22%
MAGAZ LUIZA;NM;Eletrodomésticos;BofA Merrill Lynch;FOLLOW-ON;ICVM 476;27/9/2017;65.00;29/09/17; 71 ; 155 ; 1144000000 ; 416000000 ; 1560000000 ;0%;34%;66%;0%
PARANAPANEMA;NM;Artefatos de Cobre;Modal;FOLLOW-ON;ICVM 476;13/9/2017;1.56;15/09/17; - ; 39 ; - ; 352358788 ; 352358788 ;0%;0%;19%;81%
AZUL ¹;N2;Transporte Aéreo;Itaú BBA;FOLLOW-ON;ICVM 476;14/9/2017;27.96;19/09/17; - ; 145 ; - ; 1249622012 ; 1249622012 ;0%;8%;92%;0%
CAMIL;NM;Alimentos Diversos;BofA Merrill Lynch;IPO;ICVM 400;20/9/2017;9.00;28/09/17; 2573 ; 2940 ; 369000000 ; 778500000 ; 1147500000 ;9%;55%;35%;1%
ENEVA;NM;Energia Elétrica;BTG Pactual;FOLLOW-ON;ICVM 400;5/10/2017;11.00;06/10/17; 261 ; 426 ; 834482759 ; 41724133 ; 876206892 ;2%;54%;31%;14%
VULCABRAS;NM;Calçados;Credit Suisse;FOLLOW-ON;ICVM 400;24/10/2017;9.50;25/10/17; 1030 ; 1288 ; 574997000 ; 111460432 ; 686457432 ;10%;65%;25%;0%
RUMO SA;NM;Transporte Ferroviário;Bradesco BBI;FOLLOW-ON;ICVM 476;4/10/2017;12.00;06/10/17; - ; 76 ; 2640000000 ; - ; 2640000000 ;0%;18%;23%;59%
IMC S/A;NM;Restaurante e Similares;BTG Pactual;FOLLOW-ON;ICVM 476;9/11/2017;8.00;13/11/17; - ; 141 ; - ; 444592648 ; 444592648 ;0%;60%;40%;0%
BK BRASIL;NM;Restaurante e Similares;Itaú BBA;IPO;ICVM 400;14/12/2017;18.00;18/12/17; 3281 ; 3672 ; 886153842 ; 1096968060 ; 1983121902 ;10%;14%;76%;0%
LE LIS BLANC;NM;Tecidos Vestuário e Calçados;BTG Pactual;FOLLOW-ON;ICVM 476;30/11/2017;30.00;04/12/17; 1 ; 40 ; 148140000 ; - ; 148140000 ;31%;0%;1%;69%
PETROBRAS BR;NM;Exploração Refino e Distribuição;Citi;IPO;ICVM 400;13/12/2017;15.00;15/12/17; 6808 ; 7658 ; 655312500 ; 4368750000 ; 5024062500 ;10%;24%;66%;1%
SANEPAR;N2;Água e Saneamento;Itaú BBA;FOLLOW-ON;ICVM 476;12/12/2017;55.20;14/12/17; - ; 56 ; - ; 1040308970 ; 1040308970 ;0%;43%;57%;0%
INTERMEDICA;NM;ServMédHospitAnálises e Diagnósticos;Itaú BBA;IPO;ICVM 400;19/4/2018;16.50;23/04/18; 1375 ; 1838 ; 341379308 ; 2377736642 ; 2719115949 ;9%;21%;70%;0%
HAPVIDA;NM;ServMédHospitAnálises e Diagnósticos;BTG Pactual;IPO;ICVM 400;23/4/2018;23.50;25/04/18; 4374 ; 5099 ; 2631026466 ; 800747178 ; 3431773644 ;10%;44%;46%;0%
INTER BANCO;N1;Bancos;Bradesco BBI;IPO;ICVM 400;26/4/2018;18.50;30/04/18; 8387 ; 8605 ; 541463439 ; 130991063 ; 672454502 ;12%;28%;60%;0%
INTERMEDICA;NM;ServMédHospitAnálises e Diagnósticos;Itaú BBA;FOLLOW-ON;ICVM 476;5/12/2018;26.00;07/12/18; 15 ; 337 ; 312000000 ; 2741700000 ; 3053700000 ;0%;27%;73%;0%
LOCAMERICA;NM;Aluguel de Carros;Itaú BBA;FOLLOW-ON;ICVM 476;13/12/2018;32.00;17/12/18; 40 ; 337 ; 992000000 ; 384000000 ; 1376000000 ;0%;60%;40%;0%
LOCALIZA;NM;Aluguel de carros;BTG Pactual;FOLLOW-ON;ICVM 476;31/1/2019;33.00;04/02/19; 116 ; 906 ; 1821600000 ; - ; 1821600000 ;0%;54%;46%;0%
IRBBRASIL RE;NM;Seguradoras;Caixa;FOLLOW-ON;ICVM 476;26/2/2019;91.00;28/02/19; - ; 64 ; - ; 2516733128 ; 2516733128 ;0%;30%;70%;0%
BK BRASIL;NM;Restaurante e Similares;Itaú BBA;FOLLOW-ON;ICVM 476;22/3/2019;21.41;25/03/19; - ; 118 ; - ; 714529226 ; 714529226 ;0%;16%;83%;1%
ENEVA;NM;Energia Elétrica;Itaú BBA;FOLLOW-ON;ICVM 476;4/4/2019;18.25;08/04/19; - ; 258 ; - ; 1106794409 ; 1106794409 ;0%;67%;32%;1%
CENTAURO;NM;Produtos Diversos;Bradesco BBI;IPO;ICVM 400;15/4/2019;12.50;17/04/19; 3368 ; 3582 ; 705101363 ; - ; 705101363 ;10%;50%;40%;0%
TOTVS;NM;Programas e Serviços;BTG Pactual;FOLLOW-ON;ICVM 476;22/5/2019;39.50;24/05/19; - ; 172 ; 1066500000 ; - ; 1066500000 ;0%;55%;26%;20%
BTGP BANCO;N2;Bancos;BTG Pactual;FOLLOW-ON;ICVM 476;11/6/2019;46.00;13/06/19; - ; 138 ; - ; 2539200000 ; 2539200000 ;0%;67%;32%;0%
CPFL ENERGIA;NM;Energia Elétrica;Itaú BBA;FOLLOW-ON;ICVM 476;12/6/2019;27.50;13/06/19; 27 ; 572 ; 3694341585 ; - ; 3694341585 ;0%;51%;49%;0%
INTERMEDICA;NM;ServMédHospitAnálises e Diagnósticos;Itaú BBA;FOLLOW-ON;ICVM 476;18/6/2019;39.50;21/06/19; - ; 267 ; - ; 2666250000 ; 2666250000 ;0%;60%;40%;0%
LINX¹;NM;Programas e Serviços;Goldman Sachs;FOLLOW-ON;ICVM 400;25/6/2019;36.00;26/06/19; 664 ; 761 ; 831600000 ; 348285636 ; 1179885636 ;7%;7%;86%;0%
PETROBRAS¹;N2;Exploração Refino e Distribuição;Caixa;FOLLOW-ON;ICVM 400;25/6/2019;30.25;27/06/19; 13251 ; 13694 ; - ; 7300546223 ; 7300546223 ;21%;32%;46%;1%
NEOENERGIA;NM;Energia Elétrica;BB Investimentos;IPO;ICVM 400;7/6/2019;15.65;28/06/19; 21595 ; 22695 ; - ; 3744278776 ; 3744278776 ;16%;43%;39%;1%
LIGHT S/A;NM;Energia Elétrica;Itaú BBA;FOLLOW-ON;ICVM 476;11/6/2019;18.75;02/07/19; 144 ; 664 ; 1875000000 ; 624999994 ; 2499999994 ;1%;52%;47%;0%
TECNISA;NM;Incorporações;BTG Pactual;FOLLOW-ON;ICVM 476;17/7/2019;1.10;19/07/19; 2 ; 381 ; 445500000 ; - ; 445500000 ;2%;67%;16%;15%
IRBBRASIL RE;NM;Seguradoras;BB Investimentos;FOLLOW-ON;ICVM 476;18/7/2019;88.00;22/07/19; - ; 520 ; - ; 7390103600 ; 7390103600 ;0%;27%;73%;0%
HAPVIDA;NM;Serv Méd Hospit. Análises e Diagnósticos;BTG Pactual;FOLLOW-ON;ICVM 476;24/7/2019;42.50;26/07/19; - ; 474 ; 2664495000 ; - ; 2664495000 ;0%;36%;53%;11%
MOVIDA;NM;Aluguel de carros;BTG Pactual;FOLLOW-ON;ICVM 476;25/7/2019;15.00;29/07/19; - ; 942 ; 532500000 ; 300000000 ; 832500000 ;0%;49%;44%;7%
BANCO INTER;N2;Bancos;Bradesco BBI;FOLLOW-ON;ICVM 476;29/7/2019;13.33;31/07/19; - ; 3632 ; 1247688000 ; - ; 1247688000 ;0%;65%;3%;32%
PETROBRAS BR;NM;Exploração Refino e Distribuição;JP Morgan;FOLLOW-ON;ICVM 400;23/7/2019;24.50;25/07/19; 7348 ; 8282 ; - ; 9633093750 ; 9633093750 ;10%;45%;45%;0%
TRISUL;NM;Incorporações;BTG Pactual;FOLLOW-ON;ICVM 476;12/9/2019;10.00;16/09/19; - ; 761 ; 405000000 ; - ; 405000000 ;0%;82%;11%;7%
BANCO PAN;N1;Bancos;BTG Pactual;FOLLOW-ON;ICVM 476;19/9/2019;8.25;23/09/19; - ; 671 ; 521812500 ; 521812500 ; 1043625000 ;0%;64%;33%;3%
SINQIA;NM;Programas e Serviços;BTG Pactual;FOLLOW-ON;ICVM 476;17/9/2019;62.00;19/09/19; - ; 1797 ; 362700000 ; - ; 362700000 ;0%;82%;12%;6%
OMEGA GER;NM;Energia Elétrica;BofA Merrill Lynch;FOLLOW-ON;ICVM 476;25/9/2019;30.00;27/09/19; 148 ; 358 ; 830769240 ; - ; 830769240 ;0%;65%;35%;0%
EZTEC;NM;Incorporações;BTG Pactual;FOLLOW-ON;ICVM 476;24/9/2019;36.25;26/09/19; - ; 889 ; 978750000 ; - ; 978750000 ;0%;67%;20%;13%
HELBOR;NM;Incorporações;BTG Pactual;FOLLOW-ON;ICVM 476;10/9/2019;2.65;14/10/19; - ; 581 ; 560057625 ; - ; 560057625 ;0%;47%;15%;37%
VIVARA SA;NM;Acessórios;Itaú BBA;IPO;ICVM 400;8/10/2019;24.00;10/10/19; 26986 ; 27872 ; 453471888 ; 1787377536 ; 2240849424 ;13%;56%;30%;0%
BRASIL;NM;Bancos;Caixa;FOLLOW-ON;ICVM 400;17/10/2019;44.05;21/10/19; 29222 ; 30039 ; - ; 5836921765 ; 5836921765 ;32%;37%;30%;1%
LOG COM PROP;NM;Exploração de Imóveis;BTG Pactual;FOLLOW-ON;ICVM 476;22/10/2019;22.50;24/10/19; - ; 988 ; 637875000 ; - ; 637875000 ;0%;38%;18%;44%
CYRE COM-CCP;NM;Exploração de Imóveis;Bradesco BBI;FOLLOW-ON;ICVM 400;28/10/2019;19.00;30/10/19; 1087 ; 1329 ; 863550000 ; - ; 863550000 ;9%;57%;28%;6%
LOPES BRASIL;NM;Intermediação Imobiliária;Itaú BBA;FOLLOW-ON;ICVM 476;29/10/2019;7.00;31/10/19; 456 ; 548 ; 147000000 ; - ; 147000000 ;1%;73%;26%;0%
BANCO BMG;N1;Bancos;XP Investimentos;IPO;ICVM 400;24/10/2019;11.60;28/10/19; 4703 ; 5252 ; 1200000013 ; 191304358 ; 1391304371 ;10%;61%;27%;1%
CEA MODAS;NM;Tecidos Vestuário e Calçados;Morgan Stanley;IPO;ICVM 400;24/10/2019;16.50;28/10/19; 4247 ; 4724 ; 813698622 ; 941070009 ; 1754768631 ;10%;51%;39%;0%
MAGAZ LUIZA;NM;Eletrodomésticos;Itaú BBA;FOLLOW-ON;ICVM 476;12/11/2019;43.00;14/11/19; 2870 ; 3803 ; 4300000000 ; 430000000 ; 4730000000 ;0%;57%;42%;1%
JHSF PART;NM;Incorporações;BTG Pactual;FOLLOW-ON;ICVM 476;13/11/2019;4.75;18/11/19; - ; 1619 ; 513000000 ; - ; 513000000 ;0%;55%;39%;6%
LOG-IN;NM;Transporte Hidroviário;Goldman Sachs;FOLLOW-ON;ICVM 476;21/11/2019;14.50;25/11/19; - ; 421 ; 633650000 ; - ; 633650000 ;0%;57%;35%;8%
BR PROPERT;NM;Exploração de Imóveis;Itaú BBA;FOLLOW-ON;ICVM 476;21/11/2019;12.50;25/11/19; 51 ; 299 ; 1054687500 ; - ; 1054687500 ;0%;53%;46%;0%
LOJAS MARISA;NM;Tecidos Vestuário e Calçados;Itaú BBA;FOLLOW-ON;ICVM 476;4/12/2019;10.00;06/12/19; 130 ; 374 ; 567708330 ; - ; 567708330 ;0%;67%;30%;3%
ALIANSCSONAE;NM;Exploração de Imóveis;Bank of America;FOLLOW-ON;ICVM 476;5/12/2019;43.00;09/12/19; - ; 443 ; 1190769244 ; - ; 1190769244 ;0%;50%;36%;14%
INTERMEDICA;NM;ServMédHospitAnálises e Diagnósticos;Itaú BBA;FOLLOW-ON;ICVM 476;11/12/2019;57.00;13/12/19; 662 ; 1376 ; 3705000000 ; 1296750000 ; 5001750000 ;0%;44%;55%;0%
LOCAMERICA;NM;Aluguel de carros;Itaú BBA;FOLLOW-ON;ICVM 476;17/12/2019;19.50;19/12/19; 593 ; 1061 ; 1189500000 ; 639771249 ; 1829271249 ;0%;48%;51%;1%
MARFRIG;NM;Carnes e Derivados;Santander;FOLLOW-ON;ICVM 476;17/12/2019;10.00;19/12/19; 614 ; 681 ; 900900910 ; 2096484270 ; 2997385180 ;14%;40%;46%;0%
LE LIS BLANC;NM;Tecidos Vestuário e Calçados;Santander;FOLLOW-ON;ICVM 476;18/12/2019;15.00;20/12/19; 121 ; 141 ; 258750000 ; - ; 258750000 ;30%;70%;0%;0%
MINERVA;NM;Carnes e Derivados;BTG Pactual;FOLLOW-ON;ICVM 476;23/1/2020;13.00;27/01/20; - ; 1226 ; 1040000000 ; 195000000 ; 1235000000 ;0%;48%;43%;10%
ANIMA;NM;Serviços Educacionais;XP Investimentos;FOLLOW-ON;ICVM 476;29/1/2020;36.25;31/01/20; 96 ; 332 ; 1100213600 ; - ; 1100213600 ;13%;57%;30%;0%
POSITIVO TEC;NM;Computadores e Equipamentos;BTG Pactual;FOLLOW-ON;ICVM 476;30/1/2020;6.55;03/02/20; - ; 321 ; 353700000 ; - ; 353700000 ;0%;82%;14%;4%
MITRE REALTY;NM;Incorporações;Itaú BBA;IPO;ICVM 400;3/2/2020;19.30;05/02/20; 7300 ; 7748 ; 958724026 ; 94003236 ; 1052727262 ;10%;43%;45%;2%
LOCAWEB;NM;Programas e Serviços;Itaú BBA;IPO;ICVM 400;4/2/2020;17.25;06/02/20; 3180 ; 3704 ; 574999994 ; 750144989 ; 1325144983 ;10%;33%;55%;2%
PETROBRAS;N2;Exploração Refino e Distribuição;Credit Suisse;FOLLOW-ON;ICVM 400;5/2/2020;30.00;07/02/20; 53097 ; 55292 ; - ; 22026080970 ; 22026080970 ;17%;44%;39%;1%
COGNA ON;NM;Serviços Educacionais;Itaú BBA;FOLLOW-ON;ICVM 476;11/2/2020;11.00;13/02/20; 1 ; 2042 ; 2555938044 ; - ; 2555938044 ;0%;30%;45%;25%
MOURA DUBEUX;NM;Incorporações;Itaú BBA;IPO;ICVM 400;11/2/2020;19.00;13/02/20; 4678 ; 4948 ; 1104867005 ; - ; 1104867005 ;10%;59%;31%;0%
PRINER;NM;Serviços Diversos;XP Investimentos;IPO;ICVM 400;13/2/2020;10.00;17/02/20; 9671 ; 9909 ; 173913040 ; 26086950 ; 199999990 ;38%;57%;3%;3%
ESTAPAR;NM;Serviços Diversos;BTG Pactual;IPO;ICVM 400;13/5/2020;10.50;15/05/20; 1104 ; 1178 ; 300300000 ; - ; 300300000 ;10%;44%;6%;40%
CENTAURO;NM;Produtos Diversos;Bradesco BBI;FOLLOW-ON;ICVM 476;26/5/2020;30.00;08/06/20; 344 ; 770 ; 900000000 ; - ; 900000000 ;0%;68%;32%;1%
VIAVAREJO;NM;Eletrodomésticos;Bradesco BBI;FOLLOW-ON;ICVM 476;15/6/2020;15.00;17/06/20; - ; 14556 ; 4455000000 ; - ; 4455000000 ;0%;41%;28%;31%
BTGP BANCO;N2;Bancos;BTG Pactual;FOLLOW-ON;ICVM 476;29/6/2020;24.80;01/07/20; - ; 2556 ; 2650500000 ; - ; 2650500000 ;0%;48%;12%;40%
AURA 360;BDR;Minerais Metálicos;Credit Suisse;IPO;ICVM 476;2/7/2020;820.00;06/07/20; - ; 120 ; 301753440 ; 560739780 ; 862493220 ;0%;81%;18%;0%
JHSF PART;NM;Incorporações;BTG Pactual;FOLLOW-ON;ICVM 476;15/7/2020;9.75;17/07/20; - ; 2687 ; 399750000 ; 33422513 ; 433172513 ;0%;84%;11%;5%
LOJAS AMERIC 4 ;N1;Produtos Diversos;BTG Pactual;FOLLOW-ON;ICVM 476;14/7/2020;32.40;16/07/20; - ; 2073 ; 7873740000 ; - ; 7873740000 ;0%;35%;18%;46%
AMBIPAR;NM;Água e Saneamento;Bradesco BBI;IPO;ICVM 400;9/7/2020;24.75;13/07/20; 5287 ; 5798 ; 1082400017 ; - ; 1082400017 ;10%;60%;30%;0%
IMC S/A;NM;Restaurante e Similares;BTG Pactual;FOLLOW-ON;ICVM 476;21/7/2020;4.25;23/07/20; - ; 1766 ; 384412500 ; - ; 384412500 ;0%;71%;9%;19%
IRANI;BÁSICO;Papel e Celulose;BTG Pactual;FOLLOW-ON;ICVM 476;22/7/2020;4.50;24/07/20; - ; 105 ; 405000000 ; - ; 405000000 ;0%;76%;23%;0%
DIMED;BÁSICO;Medicamentos e Outros Produtos;Bradesco BBI;FOLLOW-ON;ICVM 476;22/7/2020;30.00;24/07/20; - ; 809 ; 480000000 ; 556713360 ; 1036713360 ;0%;56%;41%;3%
GRUPO SOMA;NM;Tecidos Vestuário e Calçados;Itaú BBA;IPO;ICVM 400;29/7/2020;9.90;31/07/20; 6726 ; 7229 ; 1349999996 ; 472499993 ; 1822499989 ;13%;72%;15%;0%
D1000VFARMA;NM;Medicamentos e Outros Produtos;XP Investimentos;IPO;ICVM 400;6/8/2020;17.00;10/08/20; 6213 ; 6526 ; 400115485 ; - ; 400115485 ;32%;59%;7%;2%
QUERO-QUERO;NM;Produtos Diversos;BTG Pactual;IPO;ICVM 400;6/8/2020;12.65;10/08/20; 10049 ; 10844 ; 279867259 ; 1951899023 ; 2231766282 ;10%;55%;35%;0%
RUMO SA;NM;Transporte Ferroviário;Bradesco BBI;FOLLOW-ON;ICVM 476;24/8/2020;21.75;26/08/20; - ; 2532 ; 6400000010 ; - ; 6400000010 ;0%;18%;17%;65%
BANCO INTER;N2;Bancos;Bradesco BBI;FOLLOW-ON;ICVM 476;3/9/2020;20.83;08/09/20; - ; 802 ; 1166248787 ; - ; 1166248787 ;0%;44%;23%;33%
OMEGA GER;NM;Energia Elétrica;Itaú BBA;FOLLOW-ON;ICVM 476;1/9/2020;38.25;03/09/20; 141 ; 382 ; 896963533 ; - ; 896963533 ;0%;61%;38%;1%
LAVVI;NM;Incorporações;BTG Pactual;IPO;ICVM 400;31/8/2020;9.50;02/09/20; 1392 ; 1633 ; 1027064000 ; - ; 1027064000 ;15%;71%;13%;0%
PAGUE MENOS;NM;Medicamentos e Outros Produtos;Itaú BBA;IPO;ICVM 400;31/8/2020;8.50;02/09/20; 10193 ; 10569 ; 858963097 ; - ; 858963097 ;10%;29%;48%;14%
BANCO PAN;N1;Bancos;BTG Pactual;FOLLOW-ON;ICVM 476;27/8/2020;8.30;31/08/20; - ; 46 ; - ; 743677220 ; 743677220 ;0%;29%;25%;47%
PETZ;NM;Produtos Diversos;Itaú BBA;IPO;ICVM 400;9/11/2020;13.75;11/09/20; 37928 ; 39168 ; 336734695 ; 2693877533 ; 3030612228 ;13%;59%;28%;1%
PLANOEPLANO;NM;Incorporações;Itaú BBA;IPO;ICVM 400;15/9/2020;9.40;17/09/20; 613 ; 708 ; 40006400 ; 593415420 ; 633421820 ;6%;80%;13%;0%
JSL;NM;Transporte Rodoviário;XP Investimentos;FOLLOW-ON;ICVM 476;8/9/2020;9.60;10/09/20; 1819 ; 2144 ; 763020845 ; - ; 763020845 ;1%;39%;48%;11%
SANTOS BRP;NM;Serviços de Apoio e Armazenagem;BTG Pactual;FOLLOW-ON;ICVM 476;24/9/2020;4.10;28/09/20; - ; 2244 ; 789988000 ; - ; 789988000 ;0%;81%;9%;9%
MELNICK;NM;Incorporações;BTG Pactual;IPO;ICVM 400;24/9/2020;8.50;28/09/20; 2034 ; 2237 ; 620500000 ; 27324950 ; 647824950 ;10%;59%;30%;1%
HIDROVIAS;NM;Transporte Hidroviário;Bank of America;IPO;ICVM 400;23/9/2020;7.56;25/09/20; 2999 ; 3359 ; - ; 3019664869 ; 3019664869 ;12%;52%;36%;0%
CURY S/A;NM;Incorporações;BTG Pactual;IPO;ICVM 400;17/9/2020;9.35;21/09/20; 1140 ; 1377 ; 169999998 ; 807499997 ; 977499995 ;10%;79%;11%;0%
BOA VISTA;NM;Serviços Financeiros Diversos;JP Morgan;IPO;ICVM 400;28/9/2020;12.20;30/09/20; 1510 ; 1898 ; 1299676492 ; 870065582 ; 2169742074 ;10%;28%;62%;0%
SUZANO;NM;Papel e Celulose;JP Morgan;FOLLOW-ON;ICVM 400;1/10/2020;46.00;05/10/20; 1355 ; 1946 ; - ; 6910001550 ; 6910001550 ;5%;43%;52%;1%
SEQUOIA LOG;NM;Serviços Diversos;BTG Pactual;IPO;ICVM 400;5/10/2020;12.40;07/10/20; 572 ; 705 ; 348070170 ; 557787687 ; 905857857 ;4%;27%;69%;0%
GRUPO MATEUS;NM;Alimentos;XP Investimentos;IPO;ICVM 400;8/10/2020;8.97;13/10/20; 16162 ; 17115 ; 3099286441 ; 1062364462 ; 4161650902 ;10%;61%;27%;1%
GRUPO NATURA;NM;Produtos de Uso Pessoal;Morgan Stanley;FOLLOW-ON;ICVM 476;8/10/2020;46.25;13/10/20; - ; 1635 ; 5614750000 ; - ; 5614750000 ;0%;37%;10%;32%
TRACK FIELD;N2;Vestuário;BTG Pactual;IPO;ICVM 400;22/10/2020;9.25;26/10/20; 1267 ; 1422 ; 182391500 ; 309825050 ; 492216550 ;7%;68%;24%;1%
MELIUZ;NM;Programas e Serviços;Itaú BBA;IPO;ICVM 400;3/11/2020;10.00;04/11/20; 1066 ; 1256 ; 334677510 ; 294718120 ; 629395630 ;10%;63%;26%;1%
ENJOEI;NM;Programas e Serviços;BTG Pactual;IPO;ICVM 400;5/11/2020;10.25;06/11/20; 1221 ; 1447 ; 470833750 ; 515883761 ; 986717511 ;11%;71%;18%;0%
AURA 360;BDR;Minerais Metálicos;XP Investimentos;FOLLOW-ON;ICVM 400;6/11/2020;48.50;09/11/20; 543 ; 580 ; - ; 87300000 ; 87300000 ;14%;77%;0%;9%
AERIS;NM;Máq e Equip Industriais;BTG Pactual;IPO;ICVM 400;9/11/2020;5.55;10/11/20; 1161 ; 1330 ; 834634608 ; 294576884 ; 1129211492 ;3%;30%;66%;0%
3R PETROLEUM;NM;Exploração Refino e Distribuição;XP Investimentos;IPO;ICVM 400;9/11/2020;21.00;10/11/20; 1412 ; 1516 ; 690000003 ; - ; 690000003 ;8%;57%;17%;18%
BK BRASIL;NM;Restaurante e Similares;Itaú BBA;FOLLOW-ON;ICVM 476;17/11/2020;10.80;19/11/20; 324 ; 505 ; 510300000 ; - ; 510300000 ;0%;42%;51%;7%
ANIMA;NM;Serviços Educacionais;Bradesco BBI;FOLLOW-ON;ICVM 476;3/12/2020;34.00;07/12/20; - ; 297 ; 918000000 ; - ; 918000000 ;0%;45%;12%;43%
INTERMEDICA;NM;ServMédHospitAnálises e Diagnósticos;Itaú  BBA;FOLLOW-ON;ICVM 476;1/12/2020;69.50;03/12/20; - ; 436 ; - ; 3753000000 ; 3753000000 ;0%;47%;53%;0%
ALPHAVILLE;NM;Incorporações;Bradesco BB;IPO;ICVM 476;9/12/2020;29.50;07/12/20; 6 ; 39 ; 305992585 ; - ; 305992585 ;2%;81%;4%;13%
REDE D OR;NM;ServMédHospitAnálises e Diagnósticos;Bank of America;IPO;ICVM 400;9/12/2020;57.92;10/12/20; 41258 ; 43237 ; 8437640047 ; 2953173990 ; 11390814037 ;11%;42%;47%;1%
NEOGRID;NM; Programas e Serviços;Credit Suisse;IPO;ICVM 400;15/12/2020;4.50;18/12/20; 2747 ; 2964 ; 337500000 ; 148950000 ; 486450000 ;18%;55%;27%;1%
LIGHT S/A;NM;Energia Elétrica;Itaú BBA;FOLLOW-ON;ICVM 476;19/1/2021;20.00;21/01/21; 278 ; 663 ; 1372425280 ; 1372425280 ; 2744850560 ;0%;66%;34%;0%
HBRREALTY;NM;Exploração de Imóveis;Bradesco BBI;IPO;ICVM 476;21/1/2021;19.10;21/01/21; - ; 31 ; 802582000 ; - ; 802582000 ;0%;59%;9%;33%
VAMOS;NM;Aluguel de carros;BTG Pactual;IPO;ICVM 476;27/1/2021;26.00;29/01/21; - ; 60 ; 889598528 ; 415145952 ; 1304744480 ;0%;43%;57%;0%
OMEGA GER;NM;Energia Elétrica;Itaú BBA;FOLLOW-ON;ICVM 476;28/1/2021;39.00;02/02/21; - ; 191 ; - ; 954719922 ; 954719922 ;0%;67%;31%;1%
BTGP BANCO;N2;Bancos;BTG Pactual;FOLLOW-ON;ICVM 476;21/1/2021;30.84;26/02/21; - ; 1674 ; 2570000021 ; - ; 2570000021 ;0%;45%;16%;38%
PETRORIO;NM;Exploração Refino e Distribuição;BTG Pactual;FOLLOW-ON;ICVM 476;28/1/2021;69.00;01/02/21; - ; 1499 ; 2049300000 ; - ; 2049300000 ;0%;56%;15%;29%
BRASILAGRO;NM;Agricultura;BTG Pactual;FOLLOW-ON;ICVM 476;3/2/2021;22.00;05/02/21; - ; 550 ; 440000000 ; 60177810 ; 500177810 ;0%;37%;48%;14%
LOCAWEB;NM;Programas e Serviços;Itaú BBA;FOLLOW-ON;ICVM 476;9/2/2021;30.00;11/02/21; 1530 ; 2638 ; 2346000000 ; 408000000 ; 2754000000 ;1%;38%;61%;0%
ESPACOLASER;NM;Produtos Diversos;Itaú BBA;IPO;ICVM 400;28/1/2021;17.90;01/02/21; 7135 ; 7837 ; 1199999997 ; 1441623255 ; 2641623252 ;10%;62%;27%;1%
INTELBRAS;NM;Computadores e Equipamentos;BTG Pactual;IPO;ICVM 400;2/2/2021;15.75;04/02/21; 16772 ; 17280 ; 724500000 ; 579600000 ; 1304100000 ;12%;77%;12%;0%
MOSAICO;NM;Programas e Serviços;BTG Pactual;IPO;ICVM 400;3/2/2021;19.80;05/02/21; 31017 ; 32377 ; 578571444 ; 636428668 ; 1215000112 ;11%;72%;15%;1%
MOBLY;NM;Programas e Serviços;Morgan Stanley;IPO;ICVM 400;3/2/2021;21.00;05/02/21; 3249 ; 3591 ; 777777798 ; 155555547 ; 933333345 ;10%;38%;44%;9%
JALLESMACHADO;NM;Açucar e Alcool;XP Investimentos;IPO;ICVM 400;4/2/2021;8.30;08/02/21; 3985 ; 4465 ; 552760005 ; 138189995 ; 690950000 ;9%;60%;29%;2%
FOCUS ON;NM;Energia Elétrica;Morgan Stanley;IPO;ICVM 400;21/1/2021;18.02;08/02/21; 1776 ; 2019 ; 764999997 ; 7649995 ; 772649991 ;11%;42%;47%;0%
CRUZEIRO SUL;NM;Serviços Educacionais;BTG Pactual;IPO;ICVM 400;9/2/2021;14.00;11/02/21; 2517 ; 2763 ; 1071000000 ; 160650000 ; 1231650000 ;9%;51%;29%;0%
OCEANPACT;NM;Equipamentos e Serviços;Itaú BBA;IPO;ICVM 400;10/2/2021;11.15;12/02/21; 2831 ; 3114 ; 800000001 ; 270000004 ; 1070000005 ;11%;76%;12%;0%
ORIZON;NM;Água e Saneamento;Credit Suisse;IPO;ICVM 400;11/2/2021;22.00;17/02/21; 4867 ; 5233 ; 381399040 ; 105465778 ; 486864818 ;17%;52%;28%;2%
ELETROMIDIA;NM;Publicidade e Propaganda;Morgan Stanley;IPO;ICVM 400;11/2/2021;17.81;17/02/21; 2769 ; 3019 ; 700000001 ; 57944301 ; 757944302 ;9%;50%;40%;0%
BEMOBI TECH;NM;Programas e Serviços;BTG Pactual;IPO;ICVM 400;8/2/2021;22.00;10/02/21; 12697 ; 13620 ; 1094117684 ; 164117646 ; 1258235330 ;11%;76%;13%;0%
CSNMINERACAO;N2;Minerais Metálicos;Morgan Stanley;IPO;ICVM 400;12/2/2021;8.50;18/02/21; 66255 ; 67524 ; 1796903409 ; 3168372816 ; 4965276224 ;20%;29%;50%;1%
WESTWING;NM;Programas e Serviços;BTG Pactual;IPO;ICVM 400;8/2/2021;13.00;10/02/21; 8368 ; 9130 ; 430294306 ; 602412018 ; 1032706324 ;12%;77%;11%;0%
3R PETROLEUM;NM;Exploração Refino e Distribuição;BTG Pactual;FOLLOW-ON;ICVM 476;30/3/2021;36.00;01/04/21; - ; 1184 ; 822798000 ; - ; 822798000 ;0%;62%;23%;14%
DASA;BÁSICO;Serv Méd Hospit. Análises e Diagnósticos;Bradesco BBI;FOLLOW-ON;ICVM 476;7/4/2021;58.00;08/04/21; 35 ; 287 ; 3666272974 ; 120734888 ; 3787007862 ;0%;21%;53%;26%
ALLIED;NM;Eletrodomésticos;BTG Pactual;IPO;ICVM 476;8/4/2021;18.00;12/04/21; 2 ; 38 ; 180000000 ; 90000000 ; 270000000 ;1%;70%;15%;0%
MATER DEI;NM;ServMédHospitAnálises e Diagnósticos;BTG Pactual;IPO;ICVM 400;14/4/2021;17.44;16/04/21; 2765 ; 3069 ; 1194727566 ; 218399986 ; 1413127553 ;9%;71%;19%;1%
BLAU;NM;Medicamentos e Outros Produtos;Itaú BBA;IPO;ICVM 400;8/4/2021;40.14;19/04/21; 1765 ; 2017 ; 1260152711 ; - ; 1260152711 ;5%;46%;49%;0%
GPS;NM;Serviços Diversos;Itaú BBA;IPO;ICVM 400;22/4/2021;12.00;26/04/21; 1669 ; 1994 ; 1082251080 ; 1406926404 ; 2489177484 ;4%;71%;25%;0%
BOA SAFRA;NM;Agricultura;XP Investimentos;IPO;ICVM 400;27/4/2021;9.90;29/04/21; 15557 ; 16158 ; 459999995 ; - ; 459999995 ;14%;70%;15%;1%
CAIXA SEGURI²;NM;Seguradoras;Morgan Stanley;IPO;ICVM 400;27/4/2021;9.67;29/04/21; - ; - ; - ; 4351500000 ; 4351500000 ;0%;0%;0%;0%
MODALMAIS;N2;Bancos;Credit Suisse;IPO;ICVM 400;28/4/2021;20.01;30/04/21; 4310 ; 4770 ; 2477788275 ; 715357500 ; 3193145775 ;7%;16%;12%;0%
SEQUOIA LOG;NM;Serviços Diversos;BTG Pactual;FOLLOW-ON;ICVM 476;15/4/2021;25.00;19/04/21; - ; 290 ; 207182325 ; 918282900 ; 1125465225 ;0%;38%;35%;6%
ALUPAR;N2;Energia Elétrica;Itaú BBA;FOLLOW-ON;ICVM 476;20/4/2021;25.50;23/04/21; - ; 155 ; - ; 896650227 ; 896650227 ;0%;80%;20%;0%
HAPVIDA;NM;Serv Méd Hospit. Análises e Diagnósticos;BTG  Pactual;FOLLOW-ON;ICVM 476;20/4/2021;15.00;23/04/21; - ; 1058 ; 2025000000 ; 675000000 ; 2700000000 ;0%;61%;30%;10%
LOJAS RENNER;NM;Tecidos. Vestuário e Calçados;Itaú BBA;FOLLOW-ON;ICVM 476;29/4/2021;39.00;03/05/21; 2205 ; 3160 ; 3978000000 ; - ; 3978000000 ;0%;50%;50%;0%
INFRACOMM;NM;Programas e Serviços;Itaú BBA;IPO;ICVM 476;30/4/2021;16.00;04/05/21; 1 ; 137 ; 902388000 ; - ; 902388000 ;0%;71%;40%;0%
PETRORECSA;NM;Exploração Refino e Distribuição;Itaú BBA;IPO;ICVM 400;3/5/2021;14.75;05/05/21; 2596 ; 2926 ; 1187375000 ; - ; 1187375000 ;10%;79%;11%;0%
GETNINJAS;NM;Programas e Serviços;BTG Pactual;IPO;ICVM 400;18/5/2021;20.00;13/05/21; 1205 ; 1343 ; 321285160 ; 160754620 ; 482039780 ;7%;79%;13%;0%
G2D INVEST;BDR;Gestão de Recursos e Investimentos;BTG Pactual;IPO;ICVM 400;13/5/2021;7.16;14/05/21; 5124 ; 5387 ; 281062399 ; - ; 281062399 ;60%;2%;13%;25%
REDE D OR;NM;ServMédHospitAnálises e Diagnósticos;BofA Merrill Lynch;FOLLOW-ON;ICVM 476;26/5/2021;71.00;28/05/21; - ; 2362 ; 1777840000 ; 3111220000 ; 4889060000 ;0%;50%;48%;3%
DOTZ;NM;Programas de Fidelização;BTG Pactual;IPO;ICVM 476;27/5/2021;13.20;31/05/21; - ; 24 ; 390720000 ; - ; 390720000 ;0%;45%;52%;7%
ECORODOVIAS;NM;Exploração de Rodovias;BTG Pactual;FOLLOW-ON;ICVM 476;22/6/2021;12.50;24/06/21; - ; 7 ; 1720439300 ; 250000000 ; 1970439300 ;0%;13%;0%;0%
BTGP BANCO;N2;Bancos;BTG Pactual. Bradesco BBI;FOLLOW-ON;ICVM 476;8/6/2021;40.67;10/06/21; - ; 2059 ; 2977288020 ; - ; 2977288020 ;0%;50%;21%;37%
BANCO INTER;N2;Bancos;Bradesco BBI;FOLLOW-ON;ICVM 476;24/6/2021;19.28;28/06/21; 18015 ; 20757 ; 5499999970 ; - ; 5499999970 ;2%;25%;74%;0%
BR PARTNERS;N2;Bancos;BTG Pactual;IPO;ICVM 476;17/6/2021;16.00;21/06/21; - ; 84 ; 1092000000 ; - ; 1092000000 ;0%;34%;3%;0%
GRUPO SOMA;NM;Tecidos Vestuário e Calçados;Itaú BBA;FOLLOW-ON;ICVM 476;20/7/2021;19.20;22/07/21; 289 ; 599 ; 883435584 ; - ; 883435584 ;0%;90%;10%;0%
MAGAZ LUIZA;NM;Eletrodomésticos;Itaú BBA;FOLLOW-ON;ICVM 476;22/7/2021;22.75;26/07/21; 2827 ; 3979 ; 3981250000 ; - ; 3981250000 ;0%;31%;69%;0%
MELIUZ;NM;Programas e Serviços;BTG Pactual;FOLLOW-ON;ICVM 476;15/7/2021;57.00;19/07/21; 1 ; 1499 ; 427500000 ; 727660119 ; 1155160119 ;0%;55%;20%;11%
3TENTOS;NM;Agricultura;BTG Pactual;IPO;ICVM 476;7/7/2021;12.25;12/07/21; 20 ; 81 ; 1152941176 ; 192156869 ; 1345098045 ;1%;99%;16%;0%
WDC NETWORKS;NM;Programas e Serviços;BTG Pactual;IPO;ICVM 476;22/7/2021;23.20;26/07/21; - ; 35 ; 450080000 ; - ; 450080000 ;0%;95%;6%;0%
SMART FIT;NM;Atividades Esportivas;Itaú BBA;IPO;ICVM 400;12/7/2021;23.00;14/07/21; 16164 ; 17305 ; 2645000000 ; - ; 2645000000 ;9%;41%;31%;19%
MULTILASER;NM;Computadores e Equipamentos;Itáu BBA;IPO;ICVM 400;20/7/2021;11.10;22/07/21; 18708 ; 19331 ; 1912676942 ; - ; 1912676942 ;12%;75%;28%;1%
DESKTOP;NM;Computadores e Equipamentos;Itaú BBA;IPO;ICVM 400;19/7/2021;23.50;21/07/21; 8393 ; 8845 ; 715222500 ; - ; 715222500 ;14%;109%;13%;0%
CBA;NM;Minerais Metálicos;BofA Merrill Lynch;IPO;ICVM 400;13/7/2021;11.20;15/07/21; 7782 ; 8191 ; 700000000 ; 910000000 ; 1610000000 ;11%;58%;29%;16%
PETROBRAS BR;NM;Exploração Refino e Distribuição;Morgan Stanley;FOLLOW-ON;ICVM 400;1/7/2021;26.00;02/07/21; 4859 ; 5795 ; - ; 11358750000 ; 11358750000 ;6%;59%;34%;0%
AGROGALAXY;NM;Agricultura;Itaú BBA;IPO;ICVM 476;22/7/2021;13.75;26/07/21; - ; 120 ; 349999994 ; - ; 349999994 ;0%;0%;0%;0%
UNIFIQUE;NM;Telecomunicações;XP Investimentos;IPO;ICVM 400;23/7/2021;8.60;27/07/21; 9372 ; 9957 ; 863420899 ; - ; 863420899 ;14%;58%;27%;2%
ARMAC;NM;Máq e Equip Industriais;Santander;IPO;ICVM 400;26/7/2021;16.63;28/07/21; 8076 ; 8716 ; 1000300753 ; 532483071 ; 1532783824 ;11%;61%;28%;0%
TC;NM;Programas e Serviços;BTG Pactual;IPO;ICVM 400;26/7/2021;9.50;28/07/21; 3762 ; 4230 ; 544930346 ; - ; 544930346 ;10%;70%;2%;17%
BRISANET;NM;Telecomunicações;Santander;IPO;ICVM 400;27/7/2021;13.92;29/07/21; 5965 ; 6183 ; 1340059998 ; - ; 1340059998 ;15%;78%;7%;0%
CLEARSALE;NM;Serviços Financeiros Diversos;Itaú BBA;IPO;ICVM 400;28/7/2021;25.00;30/07/21; 7444 ; 8026 ; 795156250 ; 509967250 ; 1305123500 ;10%;51%;39%;1%
VIVEO;NM;Medicamentos e Outros Produtos;JP Morgan;IPO;ICVM 476;5/8/2021;19.92;09/08/21; 1 ; 215 ; 699999995 ; 1176980292 ; 1876980287 ;0%;38%;61%;0%
RAIZEN;N2;Exploração. Refino e Distribuição;BTG Pactual;IPO;ICVM 400;3/8/2021;7.40;04/08/21; 82316 ; 85700 ; 6709671390 ; - ; 6709671390 ;15%;37%;50%;1%
ONCOCLINICAS;NM;ServMédHospitAnálises e Diagnósticos;Goldman Sachs;IPO;ICVM 400;6/8/2021;19.75;10/08/21; 6528 ; 6914 ; 1780423533 ; 889239089 ; 2669662622 ;11%;66%;36%;2%
KORA SAUDE;NM;ServMédHospitAnálises e Diagnósticos;Itaú BBA;IPO;ICVM 476;11/8/2021;7.20;13/08/21; 19 ; 80 ; 769920797 ; - ; 769920797 ;0%;80%;27%;6%
VITTIA;NM;Fertilizantes e Defensivos;XP Investimentos;IPO;ICVM 476;31/8/2021;8.60;02/09/21; 2 ; 267 ; 71611908 ; 310388095 ; 382000003 ;1%;101%;12%;1%
SINQIA;NM;Programas e Serviços;BTG Pactual;FOLLOW-ON;ICVM 476;2/9/2021;23.00;06/09/21; 1 ; 1844 ; 400042680 ; - ; 400042680 ;0%;55%;19%;26%
AES BRASIL;NM;Energia Elétrica;Bradesco BBI;FOLLOW-ON;ICVM 476;28/9/2021;12.00;30/09/21; 2998 ; 3385 ; 1116000000 ; - ; 1116000000 ;1%;28%;19%;51%
TOTVS;NM;Programas e Serviços;BTG Pactual;FOLLOW-ON;ICVM 476;21/9/2021;36.75;23/09/21; - ; 990 ; 1443172500 ; - ; 1443172500 ;0%;18%;42%;40%
VAMOS;NM;Aluguel de carros;BTG Pactual;FOLLOW-ON;ICVM 476;23/9/2021;16.75;27/09/21; - ; 456 ; 1098532168 ; - ; 1098532168 ;0%;56%;36%;9%
PETZ;NM;Produtos Diversos;Itaú BBA;FOLLOW-ON;ICVM 476;18/11/2021;19.00;22/11/21; 647 ; 1098 ; 779000000 ; - ; 779000000 ;0%;61%;39%;0%
3R PETROLEUM;NM;Exploração Refino e Distribuição;Itaú BBA;FOLLOW-ON;ICVM 476;4/11/2021;33.00;08/11/21; 1041 ; 1553 ; 2168100000 ; 240900000 ; 2409000000 ;1%;82%;17%;0%
NU-NUBANK*;BDR Patrocinado Nível 3;Bancos;NuInvest Corretora de Valores SA;IPO;ICVM 400;8/12/2021;8.36;09/12/21; - ; - ; 405680537 ; - ; 405680537 ;0%;0%;0%;0%
;;;;;;;;;;;;;;;;;
;¹ Dados referentes somente à ("Oferta Brasileira");;;;;;;;;;;;;;;;
;² Dados preliminares;;;;;;;;;;;;;;;;
;³ Antes da Recompra no Âmbito das Atividades de Estabilização;;;;;;;;;;;;;;;;
;4 Preço ponderado quando se tratar de oferta pública de ações ON e PN;;;;;;;;;;;;;;;;
;N/D -  Não disponível;;;;;;;;;;;;;;;;
