;;;;;;;;;;;;;;;;;;;;;;;
;'DADOS DA COMPANHIA';;;;' INFORMAÇÕES DA OFERTA';;;;;' ANÚNCIO DE ENCERRAMENTO ';;;;;'PARTICIPAÇÃO DOS INVESTIDORES (%) ³';;;;;' VOLUME TOTAL (R$) ';;;
;'NOME DE PREGÃO';'LISTAGEM NA OFERTA';'CLASSIFICAÇÃO SETORIAL (SEGMENTO)';'COORDENADOR LÍDER';'CLASSIFICAÇÃO';'TIPO';'FIXAÇÃO DE PREÇO';'PREÇO POR AÇÃO / UNIT / BDR (LÇTO.)4';'INÍCIO DE NEGOCIAÇÃO';'Nº DE PESSOAS FÍSICAS';' Nº TOTAL DE INVESTIDORES ';' VOLUME PRIMÁRIA (R$) ';' VOLUME SECUNDÁRIA (R$) ';'VOLUME TOTAL (R$)';'VAREJO';'INSTITUCIONAL';'ESTRANGEIROS';'OUTROS';;'ANO';'IPO';'FOLLOW-ON';'TOTAL'
;'CCR RODOVIAS';'NM';'EXPLORAÇÃO DE RODOVIAS';'UBS';'FOLLOW-ON';'ICVM 400';26/4/2004;23.50;27/04/04;' 1.010 ';' 1.514 ';' 375.000.005 ';' - ';' 375.000.005 ';7%;18%;75%;1%;;2004;' 4.487.065.024 ';' 4.317.579.322 ';' 8.804.644.346 '
;'NATURA';'NM';'PROD. DE USO PESSOAL';'UBS';'IPO';'ICVM 400';24/5/2004;36.50;26/05/04;' 4.376 ';' 5.460 ';' - ';' 768.120.637 ';' 768.120.637 ';14%;15%;67%;4%;;2005;' 5.447.335.660 ';' 8.488.868.795 ';' 13.936.204.455 '
;'GOL';'N2';'TRANSPORTE AÉREO';'MORGAN STANLEY';'IPO';'ICVM 400';23/6/2004;26.57;24/06/04;' 11.274 ';' 12.380 ';' 498.187.500 ';' 379.951.000 ';' 878.138.500 ';10%;13%;75%;1%;;2006;' 15.373.613.634 ';' 15.062.683.258 ';' 30.436.296.892 '
;'ALL AMER LAT';'N2';'TRANSPORTE FERROVIÁRIO';'PACTUAL';'IPO';'ICVM 400';23/6/2004;46.50;25/06/04;' 3.275 ';' 4.198 ';' 267.375.000 ';' 320.850.000 ';' 588.225.000 ';8%;20%;71%;1%;;2007;' 55.648.186.085 ';' 14.464.732.433 ';' 70.112.918.518 '
;'WEG';'N1';'MOTORES. COMPRESSORES E OUTROS';'BRADESCO BBI';'FOLLOW-ON';'ICVM 400';3/9/2004;7.20;06/09/04;' 5.130 ';' 5.708 ';' - ';' 319.384.800 ';' 319.384.800 ';30%;24%;41%;5%;;2008;' 7.494.941.362 ';' 26.760.549.835 ';' 34.255.491.197 '
;'BRASKEM';'N1';'PETROQUÍMICOS';'UNIBANCO';'FOLLOW-ON';'ICVM 400';22/9/2004;0.09;24/09/04;' 2.287 ';' 2.737 ';' 1.210.950.000 ';' - ';' 1.210.950.000 ';5%;21%;74%;1%;;2009;' 23.831.458.391 ';' 22.151.816.327 ';' 45.983.274.718 '
;'CPFL ENERGIA';'NM';'ENERGIA ELÉTRICA';'MERRILL LYNCH';'IPO';'ICVM 400';28/9/2004;17.22;29/09/04;' 2.661 ';' 3.271 ';' 684.649.515 ';' 136.312.659 ';' 820.962.174 ';7%;22%;69%;1%;;2010;' 11.193.373.738 ';' 138.047.959.152 ';' 149.241.332.889 '
;'GRENDENE';'NM';'CALÇADOS';'PACTUAL';'IPO';'ICVM 400';27/10/2004;31.00;29/10/04;' 7.745 ';' 8.998 ';' - ';' 616.900.000 ';' 616.900.000 ';16%;19%;64%;1%;;2011;' 7.175.095.457 ';' 10.814.789.923 ';' 17.989.885.380 '
;'SABESP';'NM';'ÁGUA E SANEAMENTO';'UNIBANCO';'FOLLOW-ON';'ICVM 400';28/10/2004;0.11;29/10/04;' 89 ';' 361 ';' - ';' 687.986.985 ';' 687.986.985 ';1%;17%;81%;0%;;2012;' 3.932.950.736 ';' 9.307.533.492 ';' 13.240.484.228 '
;'DASA';'NM';'SERV. MÉD. HOSPIT.. ANÁLISES E DIAGNÓSTICOS';'UBS';'IPO';'ICVM 400';17/11/2004;20.00;19/11/04;' 2.815 ';' 3.482 ';' 126.136.300 ';' 311.247.720 ';' 437.384.020 ';9%;22%;68%;1%;;2013;' 17.293.349.990 ';' 6.066.116.253 ';' 23.359.466.243 '
;'PORTO SEGURO';'NM';'SEGURADORAS';'PACTUAL';'IPO';'ICVM 400';18/11/2004;18.75;22/11/04;' 5.757 ';' 6.499 ';' 129.022.800 ';' 248.311.894 ';' 377.334.694 ';8%;19%;71%;2%;;2014;' 417.980.763 ';' 13.959.899.999 ';' 14.377.880.762 '
;'GERDAU';'N1';'SIDERURGIA';'PACTUAL';'FOLLOW-ON';'ICVM 400';9/12/2004;40.00;09/12/04;' 169 ';' 250 ';' - ';' 412.805.170 ';' 412.805.170 ';5%;14%;79%;3%;;2015;' 602.800.014 ';' 17.461.217.465 ';' 18.064.017.479 '
;'GERDAU MET';'N1';'SIDERURGIA';'PACTUAL';'FOLLOW-ON';'ICVM 400';9/12/2004;55.00;09/12/04;' 66 ';' 119 ';' - ';' 88.266.090 ';' 88.266.090 ';13%;53%;28%;6%;;2016;' 674.197.600 ';' 9.966.649.298 ';' 10.640.846.898 '
;'BRADESPAR';'N1';'HOLDINGS DIVERSIFICADAS';'CREDIT SUISSE';'FOLLOW-ON';'ICVM 400';14/12/2004;77.00;15/12/04;' 315 ';' 737 ';' 1.044.546.272 ';' - ';' 1.044.546.272 ';3%;16%;66%;15%;;2017;' 20.760.529.289 ';' 21.020.386.288 ';' 41.780.915.577 '
;'SUZANO PETR';'N2';'PETROQUÍMICOS';'ITAÚ BBA';'FOLLOW-ON';'ICVM 400';16/12/2004;5.80;17/12/04;' 4.680 ';' 5.284 ';' 31.900.000 ';' 146.740.000 ';' 178.640.000 ';18%;46%;35%;1%;;2018;' 6.823.344.095 ';' 4.429.700.000 ';' 11.253.044.095 '
;'UNIBANCO';'N1';'BANCOS';'UNIBANCO';'FOLLOW-ON';'ICVM 400';31/1/2005;15.65;31/01/05;' 1.402 ';' 2.064 ';' - ';' 718.294.107 ';' 718.294.107 ';9%;32%;57%;2%;;2019;' 9.836.302.565 ';' 79.762.980.683 ';' 89.599.283.248 '
;'RENAR';'NM';'ALIMENTOS DIVERSOS';'ELITE';'IPO';'ICVM 400';10/8/2004;1.60;28/02/05;' 1.589 ';' 1.781 ';' 16.000.000 ';' - ';' 16.000.000 ';87%;1%;5%;7%;;2020;' 43.925.413.832 ';' 73.962.720.930 ';' 117.888.134.762 '
;'ALL AMER LAT';'N2';'TRANSPORTE FERROVIÁRIO';'PACTUAL';'FOLLOW-ON';'ICVM 400';22/3/2005;72.50;23/03/05;' 1.167 ';' 1.540 ';' - ';' 644.865.678 ';' 644.865.678 ';9%;11%;80%;0%;;2021;' 65.668.660.563 ';' 64.844.099.967 ';' 130.512.760.530 '
;'SUBMARINO';'NM';'PRODUTOS DIVERSOS';'CREDIT SUISSE';'IPO';'ICVM 400';29/3/2005;21.62;30/03/05;' 3.969 ';' 4.368 ';' 135.125.000 ';' 337.812.500 ';' 472.937.500 ';9%;23%;65%;2%;;2022;' - ';' - ';' - '
;'ULTRAPAR';'BÁSICO';'HOLDINGS DIVERSIFICADAS';'UBS';'FOLLOW-ON';'ICVM 400';12/4/2005;0.04;13/04/05;' 1.466 ';' 1.817 ';' 47.218.028 ';' 314.786.853 ';' 362.004.881 ';8%;14%;75%;3%;;;;;
;'GOL';'N2';'TRANSPORTE AÉREO';'SANTANDER';'FOLLOW-ON';'ICVM 400';27/4/2005;35.12;28/04/05;' 2.379 ';' 2.598 ';' 271.330.482 ';' 322.373.118 ';' 593.703.600 ';5%;15%;79%;1%;;;;;
;'LOCALIZA';'NM';'ALUGUEL DE CARROS';'CREDIT SUISSE';'IPO';'ICVM 400';19/5/2005;11.50;23/05/05;' 785 ';' 958 ';' - ';' 264.802.738 ';' 264.802.738 ';8%;4%;87%;1%;;;;;
;'TAM S/A';'N2';'TRANSPORTE AÉREO';'PACTUAL';'IPO';'ICVM 400';13/6/2005;18.00;14/06/05;' 1.171 ';' 1.647 ';' 383.942.160 ';' 164.546.640 ';' 548.488.800 ';9%;16%;74%;1%;;;;;
;'AES TIETE';'BÁSICO';'ENERGIA ELÉTRICA';'CREDIT SUISSE';'FOLLOW-ON';'ICVM 400';14/6/2005;0.04;15/06/05;' 657 ';' 1.139 ';' - ';' 1.059.840.084 ';' 1.059.840.084 ';2%;18%;80%;0%;;;;;
;'LOJAS RENNER';'NM';'TECIDOS. VESTUÁRIO E CALÇADOS';'CREDIT SUISSE';'FOLLOW-ON';'ICVM 400';29/6/2005;37.00;01/07/05;' 106 ';' 448 ';' 343.138.259 ';' 542.890.492 ';' 886.028.751 ';2%;12%;86%;0%;;;;;
;'ENERGIAS BR';'NM';'ENERGIA ELÉTRICA';'UBS';'IPO';'ICVM 400';12/7/2005;18.00;13/07/05;' 460 ';' 1.473 ';' 1.170.132.696 ';' 14.570.028 ';' 1.184.702.724 ';1%;15%;26%;57%;;;;;
;'OHL BRASIL';'NM';'EXPLORAÇÃO DE RODOVIAS';'UNIBANCO';'IPO';'ICVM 400';13/7/2005;18.00;15/07/05;' 1.057 ';' 1.367 ';' 135.000.000 ';' 360.999.990 ';' 495.999.990 ';8%;21%;70%;1%;;;;;
;'UNIBANCO';'N1';'BANCOS';'UNIBANCO';'FOLLOW-ON';'ICVM 400';13/9/2005;20.49;14/09/05;' 932 ';' 1.415 ';' - ';' 1.765.197.436 ';' 1.765.197.436 ';3%;15%;80%;1%;;;;;
;'BRADESPAR';'N1';'HOLDINGS DIVERSIFICADAS';'CREDIT SUISSE';'FOLLOW-ON';'ICVM 400';14/9/2005;53.00;15/09/05;' 823 ';' 1.289 ';' - ';' 505.059.260 ';' 505.059.260 ';9%;24%;67%;1%;;;;;
;'CYRELA REALT';'NM';'CONSTRUÇÃO CIVIL';'CREDIT SUISSE';'FOLLOW-ON';'ICVM 400';20/9/2005;15.00;22/09/05;' 1.574 ';' 2.025 ';' 629.175.000 ';' 273.000.000 ';' 902.175.000 ';8%;19%;72%;1%;;;;;
;'NOSSA CAIXA';'NM';'BANCOS';'UBS';'IPO';'ICVM 400';26/10/2005;31.00;28/10/05;' 7.342 ';' 8.983 ';' - ';' 953.955.994 ';' 953.955.994 ';7%;22%;71%;1%;;;;;
;'COSAN';'NM';'ALIMENTOS DIVERSOS';'MORGAN STANLEY';'IPO';'ICVM 400';16/11/2005;48.00;18/11/05;' 8.835 ';' 10.359 ';' 885.767.328 ';' - ';' 885.767.328 ';8%;18%;72%;1%;;;;;
;'TRACTEBEL';'NM';'ENERGIA ELÉTRICA';'UBS';'FOLLOW-ON';'ICVM 400';7/12/2005;13.00;09/12/05;' 6.351 ';' 7.405 ';' - ';' 1.051.700.000 ';' 1.051.700.000 ';8%;36%;55%;1%;;;;;
;'UOL';'N2';'PROGRAMAS E SERVIÇOS';'MERRILL LYNCH';'IPO';'ICVM 400';14/12/2005;18.00;16/12/05;' 12.890 ';' 14.346 ';' 322.972.416 ';' 301.708.170 ';' 624.680.586 ';7%;21%;71%;1%;;;;;
;'IOCHP-MAXION';'N1';'MATERIAL RODOVIÁRIO';'UNIBANCO';'FOLLOW-ON';'ICVM 400';31/1/2006;19.25;02/02/06;' 6.870 ';' 7.577 ';' - ';' 340.203.787 ';' 340.203.787 ';12%;44%;42%;3%;;;;;
;'COPASA';'NM';'ÁGUA E SANEAMENTO';'UNIBANCO';'IPO';'ICVM 400';6/2/2006;23.50;08/02/06;' 15.465 ';' 17.214 ';' 813.461.524 ';' - ';' 813.461.524 ';7%;18%;74%;1%;;;;;
;'VIVAX';'N2';'TELEVISÃO POR ASSINATURA';'ITAÚ BBA';'IPO';'ICVM 400';6/2/2006;24.50;08/02/06;' 7.730 ';' 9.017 ';' 58.800.000 ';' 470.400.000 ';' 529.200.000 ';8%;23%;69%;1%;;;;;
;'ROSSI RESID';'NM';'CONSTRUÇÃO CIVIL';'CREDIT SUISSE';'FOLLOW-ON';'ICVM 400';13/2/2006;25.00;15/02/06;' 3.348 ';' 3.989 ';' 762.500.000 ';' 250.000.000 ';' 1.012.500.000 ';7%;12%;80%;0%;;;;;
;'GAFISA';'NM';'CONSTRUÇÃO CIVIL';'MERRILL LYNCH';'IPO';'ICVM 400';16/2/2006;18.50;17/02/06;' 13.753 ';' 15.560 ';' 494.394.000 ';' 432.594.750 ';' 926.988.750 ';9%;18%;72%;1%;;;;;
;'COMPANY';'NM';'CONSTRUÇÃO CIVIL';'ABN AMRO';'IPO';'ICVM 400';23/2/2006;16.00;02/03/06;' 12.903 ';' 13.701 ';' 208.000.000 ';' 73.600.000 ';' 281.600.000 ';9%;27%;64%;0%;;;;;
;'TOTVS';'NM';'PROGRAMAS E SERVIÇOS';'ITAÚ BBA';'IPO';'ICVM 400';7/3/2006;32.00;09/03/06;' 16.017 ';' 17.600 ';' 344.800.000 ';' 115.200.000 ';' 460.000.000 ';9%;21%;69%;0%;;;;;
;'TAM S/A';'N2';'TRANSPORTE AÉREO';'PACTUAL';'FOLLOW-ON';'ICVM 400';9/3/2006;42.00;10/03/06;' 3.510 ';' 3.891 ';' 273.162.918 ';' 1.285.960.116 ';' 1.559.123.034 ';4%;19%;77%;0%;;;;;
;'DASA';'NM';'SERV. MÉD. HOSPIT.. ANÁLISES E DIAGNÓSTICOS';'UBS';'FOLLOW-ON';'ICVM 400';22/3/2006;49.00;24/03/06;' 2.063 ';' 2.308 ';' 185.955.000 ';' 476.428.274 ';' 662.383.274 ';4%;11%;85%;1%;;;;;
;'EQUATORIAL';'N2';'ENERGIA ELÉTRICA';'CREDIT SUISSE';'IPO';'ICVM 400';30/3/2006;14.50;03/04/06;' 7.365 ';' 7.886 ';' 185.600.000 ';' 354.670.000 ';' 540.270.000 ';9%;14%;77%;0%;;;;;
;'SARAIVA LIVR';'N2';'JORNAIS. LIVROS E REVISTAS';'SANTANDER';'FOLLOW-ON';'ICVM 400';11/4/2006;22.00;13/04/06;' 5.976 ';' 6.226 ';' 66.000.000 ';' 116.599.230 ';' 182.599.230 ';8%;17%;75%;0%;;;;;
;'DURATEX';'N1';'MADEIRA';'ITAÚ BBA';'FOLLOW-ON';'ICVM 400';11/4/2006;43.50;13/04/06;' 4.291 ';' 4.842 ';' 195.750.000 ';' 413.250.000 ';' 609.000.000 ';6%;15%;46%;32%;;;;;
;'SUBMARINO';'NM';'PRODUTOS DIVERSOS';'CREDIT SUISSE';'FOLLOW-ON';'ICVM 400';12/4/2006;53.75;17/04/06;' - ';' 140 ';' 291.506.030 ';' 637.570.890 ';' 929.076.920 ';0%;10%;90%;0%;;;;;
;'LOCALIZA';'NM';'ALUGUEL DE CARROS';'PACTUAL';'FOLLOW-ON';'ICVM 400';19/4/2006;41.00;20/04/06;' 2.514 ';' 2.959 ';' 156.825.000 ';' 237.214.274 ';' 394.039.274 ';8%;17%;74%;1%;;;;;
;'ABNOTE';'NM';'SERVIÇOS DIVERSOS';'UBS';'IPO';'ICVM 400';25/4/2006;17.00;27/04/06;' 15.132 ';' 16.861 ';' - ';' 480.434.790 ';' 480.434.790 ';8%;21%;70%;1%;;;;;
;'RANDON PART';'N1';'MATERIAL RODOVIÁRIO';'SANTANDER';'FOLLOW-ON';'ICVM 400';26/4/2006;8.25;28/04/06;' 4.084 ';' 4.335 ';' 99.000.000 ';' 136.200.207 ';' 235.200.207 ';11%;23%;54%;12%;;;;;
;'CSU CARDSYST';'NM';'SERVIÇOS DIVERSOS';'CREDIT SUISSE';'IPO';'ICVM 400';27/4/2006;18.00;02/05/06;' 14.362 ';' 15.585 ';' 100.288.746 ';' 240.683.832 ';' 340.972.578 ';9%;16%;72%;4%;;;;;
;'BRASILAGRO';'NM';'EXPLORAÇÃO DE IMÓVEIS';'CREDIT SUISSE';'IPO';'ICVM 400';27/4/2006;1.000.00;02/05/06;' 3 ';' 39 ';' 583.200.000 ';' - ';' 583.200.000 ';0%;3%;82%;14%;;;;;
;'LUPATECH';'NM';'MOTORES. COMPRESSORES E OUTROS';'PACTUAL';'IPO';'ICVM 400';11/5/2006;22.00;15/05/06;' 11.198 ';' 12.203 ';' 155.048.652 ';' 297.691.372 ';' 452.740.024 ';8%;19%;73%;0%;;;;;
;'GP INVEST ¹';'BDR';'HOLDINGS DIVERSIFICADAS';'CREDIT SUISSE';'IPO';'ICVM 400';30/5/2006;34.27;01/06/06;' 2.356 ';' 2.524 ';' 705.980.849 ';' - ';' 705.980.849 ';4%;17%;76%;3%;;;;;
;'DATASUL';'NM';'PROGRAMAS E SERVIÇOS';'UBS';'IPO';'ICVM 400';31/5/2006;18.00;02/06/06;' 5.470 ';' 5.973 ';' 150.697.674 ';' 166.314.834 ';' 317.012.508 ';14%;13%;72%;2%;;;;;
;'PORTO SEGURO';'NM';'SEGURADORAS';'PACTUAL';'FOLLOW-ON';'ICVM 400';13/6/2006;33.50;14/06/06;' 272 ';' 350 ';' - ';' 201.000.000 ';' 201.000.000 ';3%;43%;54%;0%;;;;;
;'BRASIL';'NM';'BANCOS';'BB INVESTIMENTOS';'FOLLOW-ON';'ICVM 400';26/6/2006;43.50;28/06/06;' 48.602 ';' 52.923 ';' - ';' 2.273.208.950 ';' 2.273.208.950 ';28%;19%;51%;3%;;;;;
;'CYRELA REALT';'NM';'CONSTRUÇÃO CIVIL';'CREDIT SUISSE';'FOLLOW-ON';'ICVM 400';19/7/2006;29.50;21/07/06;' 1.283 ';' 1.778 ';' 728.650.000 ';' 109.297.500 ';' 837.947.500 ';4%;20%;75%;0%;;;;;
;'MMX MINER';'NM';'MINERAIS METÁLICOS';'PACTUAL';'IPO';'ICVM 400';20/7/2006;815.00;24/07/06;' 17 ';' 110 ';' 1.118.895.570 ';' - ';' 1.118.895.570 ';0%;11%;76%;13%;;;;;
;'ABYARA';'NM';'CONSTRUÇÃO CIVIL';'MORGAN STANLEY';'IPO';'ICVM 400';25/7/2006;25.00;27/07/06;' 6 ';' 37 ';' 163.770.250 ';' - ';' 163.770.250 ';1%;4%;83%;12%;;;;;
;'CESP';'N1';'ENERGIA ELÉTRICA';'UBS';'FOLLOW-ON';'ICVM 400';27/7/2006;0.01;28/07/06;' 3.036 ';' 4.049 ';' 3.200.000.000 ';' - ';' 3.200.000.000 ';2%;25%;30%;42%;;;;;
;'MEDIAL SAUDE';'NM';'SERV. MÉD. HOSPIT.. ANÁLISES E DIAGNÓSTICOS';'CREDIT SUISSE';'IPO';'ICVM 400';20/9/2006;21.50;22/09/06;' 3.061 ';' 3.596 ';' 474.075.000 ';' 268.212.328 ';' 742.287.328 ';7%;17%;76%;1%;;;;;
;'ELETROPAULO';'N2';'ENERGIA ELÉTRICA';'CREDIT SUISSE';'FOLLOW-ON';'ICVM 400';21/9/2006;0.09;25/09/06;' 3.660 ';' 4.478 ';' - ';' 1.345.481.065 ';' 1.345.481.065 ';9%;30%;60%;1%;;;;;
;'KLABINSEGALL';'NM';'CONSTRUÇÃO CIVIL';'DEUTSCHE BANK';'IPO';'ICVM 400';5/10/2006;15.00;09/10/06;' 4.624 ';' 5.131 ';' 360.573.750 ';' 166.773.750 ';' 527.347.500 ';9%;26%;65%;0%;;;;;
;'SANTOS BRAS';'N2';'SERVIÇOS DE APOIO E ARMAZENAGEM';'CREDIT SUISSE';'IPO';'ICVM 400';10/10/2006;23.00;13/10/06;' 4.209 ';' 4.873 ';' 924.968.759 ';' 8.433.341 ';' 933.402.100 ';8%;14%;77%;0%;;;;;
;'M.DIASBRANCO';'NM';'ALIMENTOS DIVERSOS';'PACTUAL';'IPO';'ICVM 400';16/10/2006;21.00;18/10/06;' 3.363 ';' 3.737 ';' - ';' 410.766.300 ';' 410.766.300 ';8%;20%;71%;1%;;;;;
;'PERDIGAO S/A';'NM';'CARNES E DERIVADOS';'CREDIT SUISSE';'FOLLOW-ON';'ICVM 400';26/10/2006;25.00;27/10/06;' 4.212 ';' 4.917 ';' 800.000.000 ';' - ';' 800.000.000 ';7%;14%;47%;31%;;;;;
;'BRASCAN RES';'NM';'CONSTRUÇÃO CIVIL';'CREDIT SUISSE';'IPO';'ICVM 400';19/10/2006;16.00;23/10/06;' 4.272 ';' 4.735 ';' 940.000.000 ';' 248.000.000 ';' 1.188.000.000 ';7%;5%;87%;0%;;;;;
;'PROFARMA';'NM';'MEDICAMENTOS';'CREDIT SUISSE';'IPO';'ICVM 400';24/10/2006;22.50;26/10/06;' 4.514 ';' 4.995 ';' 310.500.000 ';' 90.562.500 ';' 401.062.500 ';9%;21%;70%;0%;;;;;
;'TERNA PART';'N2';'ENERGIA ELÉTRICA';'ITAÚ BBA';'IPO';'ICVM 400';25/10/2006;21.00;27/10/06;' 6.258 ';' 7.326 ';' 371.360.304 ';' 255.310.209 ';' 626.670.513 ';8%;23%;65%;4%;;;;;
;'ECODIESEL';'NM';'EXPLORAÇÃO E/OU REFINO';'BANCO FATOR';'IPO';'ICVM 400';9/11/2006;12.00;22/11/06;' 9.315 ';' 9.841 ';' 378.932.220 ';' - ';' 378.932.220 ';9%;23%;59%;9%;;;;;
;'ODONTOPREV';'NM';'SERV. MÉD. HOSPIT.. ANÁLISES E DIAGNÓSTICOS';'ITAÚ BBA';'IPO';'ICVM 400';29/11/2006;28.00;01/12/06;' 8.675 ';' 9.772 ';' 161.913.052 ';' 360.118.192 ';' 522.031.244 ';9%;26%;63%;3%;;;;;
;'POSITIVO INF';'NM';'COMPUTADORES E EQUIPAMENTOS';'UBS';'IPO';'ICVM 400';7/12/2006;23.50;11/12/06;' 18.466 ';' 19.543 ';' 65.800.000 ';' 538.312.150 ';' 604.112.150 ';9%;25%;64%;1%;;;;;
;'SAO CARLOS';'NM';'EXPLORAÇÃO DE IMÓVEIS';'CREDIT SUISSE';'FOLLOW-ON';'ICVM 400';12/12/2006;19.50;14/12/06;' 6.445 ';' 6.821 ';' 341.250.000 ';' 139.670.018 ';' 480.920.018 ';10%;10%;75%;5%;;;;;
;'LOPES BRASIL';'NM';'INTERMEDIAÇÃO IMOBILIÁRIA';'UBS';'IPO';'ICVM 400';14/12/2006;20.00;18/12/06;' 9.803 ';' 10.438 ';' - ';' 474.720.000 ';' 474.720.000 ';11%;18%;71%;0%;;;;;
;'DUFRYBRAS';'BDR';'PRODUTOS DIVERSOS';'UBS';'IPO';'ICVM 400';18/12/2006;26.84;20/12/06;' 10.039 ';' 10.805 ';' - ';' 849.754.937 ';' 849.754.937 ';10%;21%;69%;0%;;;;;
;'PDG REALT';'NM';'CONSTRUÇÃO CIVIL';'UBS';'IPO';'ICVM 400';24/1/2007;14.00;26/01/07;' 11.826 ';' 12.422 ';' 432.263.062 ';' 216.131.538 ';' 648.394.600 ';9%;6%;84%;1%;;;;;
;'RODOBENSIMOB';'NM';'CONSTRUÇÃO CIVIL';'JP MORGAN';'IPO';'ICVM 400';29/1/2007;19.50;31/01/07;' 13.963 ';' 14.782 ';' 448.500.000 ';' - ';' 448.500.000 ';11%;22%;67%;0%;;;;;
;'CC DES IMOB';'NM';'CONSTRUÇÃO CIVIL';'CREDIT SUISSE';'IPO';'ICVM 400';29/1/2007;14.50;31/01/07;' 22.002 ';' 23.552 ';' 478.500.000 ';' 43.499.986 ';' 521.999.986 ';13%;38%;48%;1%;;;;;
;'TECNISA';'NM';'CONSTRUÇÃO CIVIL';'CREDIT SUISSE';'IPO';'ICVM 400';30/1/2007;13.00;01/02/07;' 17.187 ';' 18.216 ';' 590.652.257 ';' 200.650.827 ';' 791.303.084 ';10%;17%;59%;13%;;;;;
;'IGUATEMI';'NM';'EXPLORAÇÃO DE IMÓVEIS';'SANTANDER';'IPO';'ICVM 400';5/2/2007;30.00;07/02/07;' 16.710 ';' 18.100 ';' 548.677.440 ';' - ';' 548.677.440 ';9%;18%;72%;0%;;;;;
;'EMBRAER';'NM';'MATERIAL AERONÁUTICO';'JP MORGAN';'FOLLOW-ON';'ICVM 400';6/2/2007;21.35;08/02/07;' 3.936 ';' 4.278 ';' - ';' 1.789.970.678 ';' 1.789.970.678 ';2%;10%;88%;0%;;;;;
;'SUZANO PAPEL';'N1';'PAPEL E CELULOSE';'CREDIT SUISSE';'FOLLOW-ON';'ICVM 400';7/2/2007;23.00;09/02/07;' 2.866 ';' 3.144 ';' - ';' 543.696.011 ';' 543.696.011 ';10%;32%;58%;1%;;;;;
;'SAO MARTINHO';'NM';'ALIMENTOS DIVERSOS';'UBS';'IPO';'ICVM 400';8/2/2007;20.00;12/02/07;' 24.369 ';' 25.864 ';' 260.000.000 ';' 163.680.000 ';' 423.680.000 ';10%;28%;53%;8%;;;;;
;'GVT HOLDING';'NM';'TELEFONIA FIXA';'CREDIT SUISSE';'IPO';'ICVM 400';14/2/2007;18.00;16/02/07;' 14.427 ';' 15.645 ';' 1.076.400.000 ';' - ';' 1.076.400.000 ';9%;15%;76%;0%;;;;;
;'ANHANGUERA';'N2';'SERVIÇOS EDUCACIONAIS';'CREDIT SUISSE';'IPO';'ICVM 400';8/3/2007;18.00;12/03/07;' 13.593 ';' 14.651 ';' 426.825.000 ';' 85.500.000 ';' 512.325.000 ';9%;15%;76%;0%;;;;;
;'GAFISA';'NM';'CONSTRUÇÃO CIVIL';'MERRILL LYNCH';'FOLLOW-ON';'ICVM 400';15/3/2007;26.00;16/03/07;' 5.179 ';' 5.527 ';' 487.811.792 ';' 683.493.174 ';' 1.171.304.966 ';2%;4%;93%;1%;;;;;
;'JBS';'NM';'CARNES E DERIVADOS';'JP MORGAN';'IPO';'ICVM 400';27/3/2007;8.00;29/03/07;' 22.662 ';' 23.690 ';' 1.216.750.400 ';' 400.000.000 ';' 1.616.750.400 ';9%;13%;74%;4%;;;;;
;'PINE';'N1';'BANCOS';'CREDIT SUISSE';'IPO';'ICVM 400';28/3/2007;19.00;02/04/07;' 20.007 ';' 20.668 ';' 356.859.900 ';' 160.328.365 ';' 517.188.265 ';9%;13%;78%;0%;;;;;
;'EVEN';'NM';'CONSTRUÇÃO CIVIL';'ITAÚ BBA';'IPO';'ICVM 400';29/3/2007;11.50;02/04/07;' 11.251 ';' 11.634 ';' 460.000.000 ';' - ';' 460.000.000 ';10%;20%;53%;17%;;;;;
;'BR MALLS PAR';'NM';'EXPLORAÇÃO DE IMÓVEIS';'UBS';'IPO';'ICVM 400';2/4/2007;15.00;05/04/07;' 13.777 ';' 14.518 ';' 657.118.665 ';' - ';' 657.118.665 ';10%;22%;68%;0%;;;;;
;'FER HERINGER';'NM';'FERTILIZANTES E DEFENSIVOS';'UBS';'IPO';'ICVM 400';10/4/2007;17.00;12/04/07;' 9.169 ';' 9.770 ';' 203.163.056 ';' 146.414.302 ';' 349.577.358 ';11%;23%;65%;0%;;;;;
;'JHSF PART';'NM';'CONSTRUÇÃO CIVIL';'CREDIT SUISSE';'IPO';'ICVM 400';10/4/2007;8.00;12/04/07;' 4.524 ';' 4.749 ';' 432.400.000 ';' - ';' 432.400.000 ';9%;1%;89%;1%;;;;;
;'METALFRIO';'NM';'EQUIPAMENTOS ELÉTRICOS';'UBS';'IPO';'ICVM 400';11/4/2007;19.00;13/04/07;' 9.576 ';' 9.970 ';' 302.280.500 ';' 150.670.000 ';' 452.950.500 ';9%;21%;57%;13%;;;;;
;'INDS ROMI';'NM';'MÁQUINAS E EQUIPAMENTOS INDUSTRIAIS';'ITAÚ BBA';'FOLLOW-ON';'ICVM 400';11/4/2007;15.00;13/04/07;' 2.375 ';' 2.668 ';' 242.935.785 ';' 239.571.885 ';' 482.507.670 ';5%;18%;44%;33%;;;;;
;'BEMATECH';'NM';'COMPUTADORES E EQUIPAMENTOS';'ITAÚ BBA';'IPO';'ICVM 400';17/4/2007;15.00;19/04/07;' 8.629 ';' 9.331 ';' 270.000.030 ';' 136.630.020 ';' 406.630.050 ';9%;20%;70%;1%;;;;;
;'CR2';'NM';'CONSTRUÇÃO CIVIL';'UNIBANCO';'IPO';'ICVM 400';19/4/2007;20.00;23/04/07;' 2.755 ';' 2.926 ';' 307.575.000 ';' - ';' 307.575.000 ';7%;0%;0%;93%;;;;;
;'AGRA INCORP';'NM';'CONSTRUÇÃO CIVIL';'CREDIT SUISSE';'IPO';'ICVM 400';24/4/2007;8.50;26/04/07;' 5.328 ';' 5.651 ';' 752.348.515 ';' 33.688.985 ';' 786.037.500 ';7%;25%;67%;0%;;;;;
;'USIMINAS';'BÁSICO';'SIDERURGIA';'MERRILL LYNCH';'FOLLOW-ON';'ICVM 400';25/4/2007;110.00;27/04/07;' 7.045 ';' 7.789 ';' - ';' 2.069.007.490 ';' 2.069.007.490 ';6%;24%;69%;0%;;;;;
;'CREMER';'NM';'MEDICAMENTOS E OUTROS PRODUTOS';'MERRILL LYNCH';'IPO';'ICVM 400';26/4/2007;17.50;30/04/07;' 9.370 ';' 9.717 ';' 210.000.000 ';' 341.631.500 ';' 551.631.500 ';9%;16%;76%;0%;;;;;
;'WILSON SONS';'BDR';'SERVIÇOS DE APOIO E ARMAZENAGEM';'CREDIT SUISSE';'IPO';'ICVM 400';26/4/2007;23.77;30/04/07;' 11.775 ';' 12.393 ';' 261.470.000 ';' 444.499.000 ';' 705.969.000 ';7%;14%;74%;5%;;;;;
;'SOFISA';'N1';'BANCOS';'UBS';'IPO';'ICVM 400';25/4/2007;12.00;02/05/07;' 7.238 ';' 7.521 ';' 497.336.256 ';' 7.207.728 ';' 504.543.984 ';9%;15%;76%;0%;;;;;
;'TARPON';'BDR';'HOLDINGS DIVERSIFICADAS';'CREDIT SUISSE';'IPO';'ICVM 400';29/5/2007;22.00;31/05/07;' 10.631 ';' 10.949 ';' 443.828.000 ';' - ';' 443.828.000 ';9%;3%;87%;1%;;;;;
;'INPAR S/A';'NM';'CONSTRUÇÃO CIVIL';'CREDIT SUISSE';'IPO';'ICVM 400';4/6/2007;17.50;06/06/07;' 9.532 ';' 10.114 ';' 756.000.000 ';' - ';' 756.000.000 ';8%;22%;70%;0%;;;;;
;'PARANA';'N1';'BANCOS';'UBS';'IPO';'ICVM 400';12/6/2007;14.00;14/06/07;' 8.491 ';' 8.800 ';' 529.200.000 ';' - ';' 529.200.000 ';11%;11%;78%;0%;;;;;
;'SLC AGRICOLA';'NM';'ALIMENTOS DIVERSOS';'CREDIT SUISSE';'IPO';'ICVM 400';13/6/2007;14.00;15/06/07;' 9.623 ';' 10.166 ';' 308.000.000 ';' 182.043.750 ';' 490.043.750 ';9%;21%;70%;0%;;;;;
;'LOG-IN';'NM';'TRANSPORTE HIDROVIÁRIO';'UBS';'IPO';'ICVM 400';18/6/2007;14.25;21/06/07;' 26.509 ';' 28.172 ';' 443.333.318 ';' 404.913.337 ';' 848.246.654 ';9%;16%;75%;0%;;;;;
;'EZTEC';'NM';'CONSTRUÇÃO CIVIL';'UBS';'IPO';'ICVM 400';19/6/2007;11.00;22/06/07;' 5.507 ';' 5.802 ';' 542.145.813 ';' - ';' 542.145.813 ';8%;23%;68%;1%;;;;;
;'CRUZEIRO SUL';'N1';'BANCOS';'UBS';'IPO';'ICVM 400';21/6/2007;15.50;26/06/07;' 4.188 ';' 4.442 ';' 439.695.785 ';' 133.820.459 ';' 573.516.244 ';8%;1%;59%;31%;;;;;
;'DAYCOVAL';'N1';'BANCOS';'UBS';'IPO';'ICVM 400';26/6/2007;17.00;29/06/07;' 7.518 ';' 8.014 ';' 936.406.104 ';' 156.067.684 ';' 1.092.473.788 ';9%;19%;70%;2%;;;;;
;'MARFRIG';'NM';'CARNES E DERIVADOS';'MERRILL LYNCH';'IPO';'ICVM 400';26/6/2007;17.00;29/06/07;' 4.899 ';' 5.527 ';' 654.065.548 ';' 366.444.452 ';' 1.020.510.000 ';5%;27%;68%;0%;;;;;
;'TEGMA';'NM';'TRANSPORTE RODOVIÁRIO';'JP MORGAN';'IPO';'ICVM 400';28/6/2007;26.00;03/07/07;' 6.714 ';' 7.147 ';' 290.228.506 ';' 313.751.494 ';' 603.980.000 ';9%;32%;59%;0%;;;;;
;'DROGASIL';'NM';'MEDICAMENTOS';'UBS';'FOLLOW-ON';'ICVM 400';28/6/2007;15.00;03/07/07;' 7.204 ';' 7.676 ';' 235.400.100 ';' 157.290.300 ';' 392.690.400 ';10%;23%;67%;0%;;;;;
;'INDUSVAL';'N2';'BANCOS';'CREDIT SUISSE';'IPO';'ICVM 400';10/7/2007;17.50;12/07/07;' 283 ';' 348 ';' 227.500.018 ';' 25.060.753 ';' 252.560.770 ';8%;4%;88%;0%;;;;;
;'REDECARD';'NM';'SERVIÇOS FINANCEIROS DIVERSOS';'UNIBANCO';'IPO';'ICVM 400';11/7/2007;27.00;13/07/07;' 29.315 ';' 31.297 ';' 419.999.985 ';' 4.222.694.700 ';' 4.642.694.685 ';9%;19%;72%;0%;;;;;
;'INVEST TUR';'NM';'EXPLORAÇÃO DE IMÓVEIS';'CREDIT SUISSE';'IPO';'ICVM 400';12/7/2007;1.000.00;16/07/07;' 16 ';' 114 ';' 945.000.000 ';' - ';' 945.000.000 ';1%;6%;87%;6%;;;;;
;'MINERVA';'NM';'CARNES E DERIVADOS';'CREDIT SUISSE';'IPO';'ICVM 400';18/7/2007;18.50;20/07/07;' 11.539 ';' 12.115 ';' 370.000.000 ';' 74.000.000 ';' 444.000.000 ';10%;28%;62%;0%;;;;;
;'PATAGONIA ¹';'BDR';'BANCOS';'JP MORGAN';'IPO';'ICVM 400';18/7/2007;48.38;20/07/07;' 2.830 ';' 2.917 ';' 7.619.850 ';' 68.336.750 ';' 75.956.600 ';1%;2%;97%;0%;;;;;
;'CIA HERING';'NM';'VESTUÁRIO';'ITAÚ BBA';'FOLLOW-ON';'ICVM 400';19/7/2007;11.00;23/07/07;' 9.089 ';' 9.404 ';' 229.163.000 ';' 82.500.000 ';' 311.663.000 ';8%;28%;63%;0%;;;;;
;'MRV';'NM';'CONSTRUÇÃO CIVIL';'UBS';'IPO';'ICVM 400';19/7/2007;26.00;23/07/07;' 15.461 ';' 16.745 ';' 1.071.155.202 ';' 122.244.798 ';' 1.193.400.000 ';8%;19%;73%;0%;;;;;
;'KROTON';'N2';'SERVIÇOS EDUCACIONAIS';'MORGAN STANLEY';'IPO';'ICVM 400';19/7/2007;39.00;23/07/07;' 11.158 ';' 12.081 ';' 395.695.287 ';' 83.078.463 ';' 478.773.750 ';9%;20%;70%;0%;;;;;
;'GUARANI';'NM';'ALIMENTOS DIVERSOS';'UBS';'IPO';'ICVM 400';19/7/2007;13.50;23/07/07;' 12.229 ';' 12.750 ';' 665.758.062 ';' - ';' 665.758.062 ';11%;44%;45%;0%;;;;;
;'TRIUNFO PART';'NM';'EXPLORAÇÃO DE RODOVIAS';'CREDIT SUISSE';'IPO';'ICVM 400';19/7/2007;9.50;23/07/07;' 7.067 ';' 7.427 ';' 304.438.720 ';' 208.561.281 ';' 513.000.000 ';9%;17%;75%;0%;;;;;
;'ABC BRASIL';'N2';'BANCOS';'UBS';'IPO';'ICVM 400';23/7/2007;13.50;25/07/07;' 5.909 ';' 6.364 ';' 599.400.000 ';' 9.450.000 ';' 608.850.000 ';11%;24%;65%;0%;;;;;
;'SPRINGS';'NM';'FIOS E TECIDOS';'CREDIT SUISSE';'IPO';'ICVM 400';25/7/2007;19.00;27/07/07;' 7.307 ';' 7.592 ';' 446.500.000 ';' 209.000.000 ';' 655.500.000 ';6%;18%;37%;39%;;;;;
;'PROVIDENCIA';'NM';'MATERIAIS DIVERSOS';'UBS';'IPO';'ICVM 400';25/7/2007;15.00;27/07/07;' 11.036 ';' 11.615 ';' 468.750.000 ';' - ';' 468.750.000 ';9%;23%;67%;0%;;;;;
;'MULTIPLAN';'N2';'EXPLORAÇÃO DE IMÓVEIS';'UBS';'IPO';'ICVM 400';25/7/2007;25.00;27/07/07;' 24.137 ';' 25.531 ';' 688.327.725 ';' 236.200.650 ';' 924.528.375 ';10%;26%;64%;0%;;;;;
;'GENERALSHOPP';'NM';'EXPLORAÇÃO DE IMÓVEIS';'JP MORGAN';'IPO';'ICVM 400';26/7/2007;14.00;30/07/07;' 4.966 ';' 5.168 ';' 286.728.400 ';' - ';' 286.728.400 ';10%;24%;66%;0%;;;;;
;'ESTACIO PART';'N2';'SERVIÇOS EDUCACIONAIS';'UBS';'IPO';'ICVM 400';26/7/2007;22.50;30/07/07;' 10.782 ';' 11.320 ';' 268.164.000 ';' 178.776.000 ';' 446.940.000 ';9%;26%;64%;0%;;;;;
;'BANRISUL';'N1';'BANCOS';'CREDIT SUISSE';'FOLLOW-ON';'ICVM 400';24/7/2007;12.00;31/07/07;' 13.220 ';' 13.799 ';' 799.999.992 ';' 1.286.956.524 ';' 2.086.956.516 ';6%;7%;84%;3%;;;;;
;'COSAN LTD ¹';'BDR';'ALIMENTOS DIVERSOS';'MORGAN STANLEY';'IPO';'ICVM 400';16/8/2007;21.05;17/08/07;' 1.560 ';' 1.819 ';' 275.016.440 ';' - ';' 275.016.440 ';1%;6%;93%;0%;;;;;
;'SATIPEL';'NM';'MADEIRA';'UBS';'IPO';'ICVM 400';19/9/2007;13.00;21/09/07;' 6.756 ';' 7.211 ';' 227.766.344 ';' 184.774.057 ';' 412.540.401 ';9%;22%;69%;0%;;;;;
;'SUL AMERICA';'N2';'SEGURADORAS';'UNIBANCO';'IPO';'ICVM 400';3/10/2007;31.00;05/10/07;' 19.047 ';' 19.979 ';' 775.000.000 ';' - ';' 775.000.000 ';9%;3%;87%;1%;;;;;
;'BICBANCO';'N1';'BANCOS';'UBS';'IPO';'ICVM 400';10/10/2007;11.50;15/10/07;' 5.158 ';' 6.257 ';' 492.915.645 ';' 328.610.430 ';' 821.526.075 ';5%;9%;85%;2%;;;;;
;'TRISUL';'NM';'CONSTRUÇÃO CIVIL';'MORGAN STANLEY';'IPO';'ICVM 400';11/10/2007;11.00;15/10/07;' 2.427 ';' 2.713 ';' 330.281.050 ';' - ';' 330.281.050 ';5%;4%;91%;0%;;;;;
;'TENDA';'NM';'CONSTRUÇÃO CIVIL';'ITAÚ BBA';'IPO';'ICVM 400';10/10/2007;9.00;15/10/07;' 10.040 ';' 10.636 ';' 603.000.000 ';' - ';' 603.000.000 ';10%;22%;68%;0%;;;;;
;'SEB';'N2';'SERVIÇOS EDUCACIONAIS';'CREDIT SUISSE';'IPO';'ICVM 400';16/10/2007;33.00;18/10/07;' 3.681 ';' 3.875 ';' 288.750.000 ';' 123.750.000 ';' 412.500.000 ';6%;14%;80%;0%;;;;;
;'BR MALLS PAR';'NM';'EXPLORAÇÃO DE IMÓVEIS';'ITAÚ BBA';'FOLLOW-ON';'ICVM 400';17/10/2007;25.00;19/10/07;' 2.294 ';' 2.643 ';' 664.450.000 ';' - ';' 664.450.000 ';3%;8%;69%;20%;;;;;
;'MARISA';'NM';'TECIDOS. VESTUÁRIO E CALÇADOS';'CREDIT SUISSE';'IPO';'ICVM 400';18/10/2007;10.00;22/10/07;' 13.012 ';' 13.733 ';' 506.000.000 ';' - ';' 506.000.000 ';9%;27%;64%;0%;;;;;
;'PDG REALT';'NM';'CONSTRUÇÃO CIVIL';'UBS';'FOLLOW-ON';'ICVM 400';22/10/2007;25.00;23/10/07;' 931 ';' 1.062 ';' 575.000.000 ';' - ';' 575.000.000 ';6%;25%;61%;9%;;;;;
;'AGRENCO';'BDR';'ALIMENTOS';'CREDIT SUISSE';'IPO';'ICVM 400';23/10/2007;10.40;25/10/07;' 799 ';' 908 ';' 666.187.454 ';' - ';' 666.187.454 ';1%;3%;88%;9%;;;;;
;'BOVESPA HLD';'NM';'SERVIÇOS FINANCEIROS DIVERSOS';'CREDIT SUISSE';'IPO';'ICVM 400';24/10/2007;23.00;26/10/07;' 63.929 ';' 67.914 ';' - ';' 6.625.520.875 ';' 6.625.520.875 ';9%;13%;78%;0%;;;;;
;'BR BROKERS';'NM';'INTERMEDIAÇÃO IMOBILIÁRIA';'CREDIT SUISSE';'IPO';'ICVM 400';25/10/2007;950.00;29/10/07;' 13 ';' 130 ';' 304.017.100 ';' 395.087.900 ';' 699.105.000 ';1%;1%;98%;0%;;;;;
;'AMIL';'NM';'SERV. MÉD. HOSPIT.. ANÁLISES E DIAGNÓSTICOS';'CREDIT SUISSE';'IPO';'ICVM 400';25/10/2007;14.00;29/10/07;' 4.340 ';' 4.675 ';' 994.700.000 ';' 406.000.000 ';' 1.400.700.000 ';4%;16%;80%;0%;;;;;
;'HELBOR';'NM';'CONSTRUÇÃO CIVIL';'BRADESCO BBI';'IPO';'ICVM 400';24/10/2007;11.00;29/10/07;' 709 ';' 845 ';' 251.832.053 ';' - ';' 251.832.053 ';6%;35%;56%;3%;;;;;
;'LAEP';'BDR';'LATICÍNIOS';'UBS';'IPO';'ICVM 400';26/10/2007;7.50;31/10/07;' 556 ';' 706 ';' 507.611.108 ';' - ';' 507.611.108 ';1%;27%;73%;0%;;;;;
;'PANAMERICANO';'N1';'BANCOS';'UBS';'IPO';'ICVM 400';13/11/2007;10.00;19/11/07;' 21.044 ';' 21.792 ';' 700.426.000 ';' - ';' 700.426.000 ';10%;22%;67%;0%;;;;;
;'BMF';'NM';'SERVIÇOS FINANCEIROS DIVERSOS';'BRADESCO BBI';'IPO';'ICVM 400';28/11/2007;20.00;30/11/07;' 253.707 ';' 260.946 ';' - ';' 5.983.696.920 ';' 5.983.696.920 ';10%;12%;77%;0%;;;;;
;'MPX ENERGIA';'NM';'ENERGIA ELÉTRICA';'UBS';'IPO';'ICVM 400';12/12/2007;1.006.63;14/12/07;' 148 ';' 325 ';' 2.035.409.887 ';' - ';' 2.035.409.887 ';2%;9%;71%;18%;;;;;
;'PERDIGAO S/A';'NM';'CARNES E DERIVADOS';'CREDIT SUISSE';'FOLLOW-ON';'ICVM 400';12/12/2007;45.00;14/12/07;' 13.888 ';' 14.688 ';' 933.489.000 ';' - ';' 933.489.000 ';10%;58%;26%;6%;;;;;
;'BRASIL';'NM';'BANCOS';'BB INVESTIMENTOS';'FOLLOW-ON';'ICVM 400';13/12/2007;29.25;17/12/07;' 115.013 ';' 122.023 ';' - ';' 3.443.996.702 ';' 3.443.996.702 ';37%;17%;44%;3%;;;;;
;'TEMPO PART';'NM';'SERV. MÉD. HOSPIT.. ANÁLISES E DIAGNÓSTICOS';'UBS';'IPO';'ICVM 400';17/12/2007;7.00;19/12/07;' 3.791 ';' 3.938 ';' 393.750.000 ';' 26.045.600 ';' 419.795.600 ';9%;7%;84%;1%;;;;;
;'NUTRIPLANT';'MA';'FERTILIZANTES E DEFENSIVOS';'HSBC';'IPO';'ICVM 400';11/2/2008;10.00;13/02/08;' 1 ';' 8 ';' 20.701.000 ';' - ';' 20.701.000 ';37%;26%;11%;27%;;;;;
;'GP INVEST ¹';'BDR';'HOLDINGS DIVERSIFICADAS';'CREDIT SUISSE';'FOLLOW-ON';'ICVM 400';22/2/2008;59.00;26/02/08;' 48 ';' 159 ';' 366.707.007 ';' - ';' 366.707.007 ';5%;7%;88%;0%;;;;;
;'REDECARD';'NM';'SERVIÇOS FINANCEIROS DIVERSOS';'CITI';'FOLLOW-ON';'ICVM 400';12/3/2008;26.00;14/03/08;' 7.218 ';' 7.714 ';' - ';' 1.216.703.202 ';' 1.216.703.202 ';8%;12%;80%;0%;;;;;
;'HYPERMARCAS';'NM';'PRODUTOS DIVERSOS';'CITI';'IPO';'ICVM 400';16/4/2008;17.00;18/04/08;' 12.933 ';' 13.465 ';' 612.390.099 ';' - ';' 612.390.099 ';10%;2%;85%;3%;;;;;
;'ANHANGUERA';'N2';'SERVIÇOS EDUCACIONAIS';'CREDIT SUISSE';'FOLLOW-ON';'ICVM 400';22/4/2008;26.00;23/04/08;' 1.064 ';' 1.207 ';' 508.300.000 ';' - ';' 508.300.000 ';4%;0%;96%;0%;;;;;
;'COPASA';'NM';'ÁGUA E SANEAMENTO';'BB INVESTIMENTOS';'FOLLOW-ON';'ICVM 400';23/4/2008;24.50;25/04/08;' 747 ';' 939 ';' - ';' 460.024.765 ';' 460.024.765 ';2%;20%;77%;0%;;;;;
;'GERDAU';'N1';'SIDERURGIA';'ITAÚ BBA';'FOLLOW-ON';'ICVM 400';24/4/2008;60.30;28/04/08;' 9.770 ';' 10.800 ';' 2.900.252.959 ';' - ';' 2.900.252.959 ';9%;12%;29%;50%;;;;;
;'GERDAU MET';'N1';'SIDERURGIA';'ITAÚ BBA';'FOLLOW-ON';'ICVM 400';24/4/2008;78.35;28/04/08;' 3.238 ';' 3.907 ';' 1.505.181.302 ';' - ';' 1.505.181.302 ';21%;36%;16%;27%;;;;;
;'LE LIS BLANC';'NM';'TECIDOS. VESTUÁRIO E CALÇADOS';'MERRILL LYNCH';'IPO';'ICVM 400';25/4/2008;6.75;29/04/08;' 270 ';' 318 ';' 150.187.500 ';' - ';' 150.187.500 ';1%;1%;87%;11%;;;;;
;'OGX PETROLEO';'NM';'EXPLORAÇÃO E/OU REFINO';'UBS';'IPO';'ICVM 400';11/6/2008;1.131.00;13/06/08;' 1.308 ';' 2.560 ';' 6.711.662.763 ';' - ';' 6.711.662.763 ';8%;8%;63%;20%;;;;;
;'SLC AGRICOLA';'NM';'AGRICULTURA';'CREDIT SUISSE';'FOLLOW-ON';'ICVM 400';25/6/2008;27.50;27/06/08;' 2.860 ';' 3.076 ';' 258.431.250 ';' 110.756.223 ';' 369.187.473 ';8%;12%;78%;1%;;;;;
;'VALE R DOCE';'N1';'MINERAIS METÁLICOS';'CREDIT SUISSE';'FOLLOW-ON';'ICVM 400';16/7/2008;43.58;18/07/08;' 29.608 ';' 32.392 ';' 19.434.193.129 ';' - ';' 19.434.193.129 ';5%;14%;39%;42%;;;;;
;'REDECARD';'NM';'SERVIÇOS FINANCEIROS DIVERSOS';'CITI';'FOLLOW-ON';'ICVM 400';24/3/2009;24.50;26/03/09;' 2.604 ';' 3.435 ';' - ';' 2.212.895.370 ';' 2.212.895.370 ';4%;8%;87%;0%;;;;;
;'MRV';'NM';'CONSTRUÇÃO CIVIL';'UBS';'FOLLOW-ON';'ICVM 400';23/6/2009;24.50;25/06/09;' 1.310 ';' 1.880 ';' 595.350.000 ';' 126.787.500 ';' 722.137.500 ';7%;23%;70%;0%;;;;;
;'VISANET';'NM';'SERVIÇOS FINANCEIROS DIVERSOS';'BRADESCO BBI';'IPO';'ICVM 400';25/6/2009;15.00;29/06/09;' 49.037 ';' 52.943 ';' - ';' 8.397.208.920 ';' 8.397.208.920 ';8%;15%;57%;21%;;;;;
;'BR MALLS PAR';'NM';'EXPLORAÇÃO DE IMÓVEIS';'ITAÚ BBA';'FOLLOW-ON';'ICVM 400';1/7/2009;15.00;03/07/09;' 2.716 ';' 3.397 ';' 454.270.140 ';' 381.586.905 ';' 835.857.045 ';8%;12%;79%;0%;;;;;
;'LIGHT S/A';'NM';'ENERGIA ELÉTRICA';'ITAÚ BBA';'FOLLOW-ON';'ICVM 400';13/7/2009;24.00;15/07/09;' 4.294 ';' 4.871 ';' - ';' 772.091.520 ';' 772.091.520 ';18%;34%;47%;1%;;;;;
;'HYPERMARCAS';'NM';'PRODUTOS DIVERSOS';'CITI';'FOLLOW-ON';'ICVM 400';14/7/2009;23.00;16/07/09;' 3.899 ';' 4.442 ';' 563.500.000 ';' 230.000.000 ';' 793.500.000 ';9%;11%;80%;0%;;;;;
;'BRF FOODS';'NM';'CARNES E DERIVADOS';'UBS';'FOLLOW-ON';'ICVM 400';21/7/2009;40.00;23/07/09;' 13.211 ';' 14.783 ';' 5.290.000.000 ';' - ';' 5.290.000.000 ';6%;22%;32%;41%;;;;;
;'NATURA';'NM';'PRODUTOS DE USO PESSOAL';'ITAÚ BBA';'FOLLOW-ON';'ICVM 400';30/7/2009;26.50;03/08/09;' 6.237 ';' 6.944 ';' - ';' 1.505.104.892 ';' 1.505.104.892 ';9%;26%;59%;6%;;;;;
;'TIVIT';'NM';'PROGRAMAS E SERVIÇOS';'CREDIT SUISSE';'IPO';'ICVM 400';24/9/2009;15.00;28/09/09;' 5.774 ';' 6.191 ';' - ';' 574.566.690 ';' 574.566.690 ';9%;6%;85%;0%;;;;;
;'MULTIPLAN';'N2';'EXPLORAÇÃO DE IMÓVEIS';'BTG PACTUAL';'FOLLOW-ON';'ICVM 400';24/9/2009;26.50;28/09/09;' 5.318 ';' 6.050 ';' 792.350.000 ';' - ';' 792.350.000 ';8%;14%;74%;4%;;;;;
;'ROSSI RESID';'NM';'CONSTRUÇÃO CIVIL';'CREDIT SUISSE';'FOLLOW-ON';'ICVM 400';1/10/2009;12.50;05/10/09;' 4.342 ';' 4.825 ';' 928.125.000 ';' - ';' 928.125.000 ';8%;19%;73%;0%;;;;;
;'PDG REALT';'NM';'CONSTRUÇÃO CIVIL';'BTG PACTUAL';'FOLLOW-ON';'ICVM 400';1/10/2009;14.00;05/10/09;' 2.521 ';' 3.287 ';' 784.000.000 ';' 274.400.000 ';' 1.058.400.000 ';8%;19%;73%;0%;;;;;
;'SANTANDER BR ¹';'N2';'BANCOS';'SANTANDER';'IPO';'ICVM 400';6/10/2009;23.50;07/10/09;' 74.132 ';' 101.673 ';' 13.182.457.728 ';' - ';' 13.182.457.728 ';8%;10%;80%;1%;;;;;
;'GOL ¹';'N2';'TRANSPORTE AÉREO';'ITAÚ BBA';'FOLLOW-ON';'ICVM 400';8/10/2009;16.50;13/10/09;' 3.588 ';' 3.986 ';' 627.082.500 ';' 399.052.500 ';' 1.026.135.000 ';5%;45%;49%;2%;;;;;
;'BROOKFIELD';'NM';'CONSTRUÇÃO CIVIL';'ITAÚ BBA';'FOLLOW-ON';'ICVM 400';20/10/2009;6.80;22/10/09;' 5.833 ';' 6.519 ';' 562.700.000 ';' 102.000.000 ';' 664.700.000 ';9%;42%;43%;5%;;;;;
;'CCR RODOVIAS';'NM';'EXPLORAÇÃO DE RODOVIAS';'ITAÚ BBA';'FOLLOW-ON';'ICVM 400';21/10/2009;33.00;23/10/09;' 4.930 ';' 5.612 ';' 1.263.735.000 ';' - ';' 1.263.735.000 ';9%;22%;69%;0%;;;;;
;'IGUATEMI';'NM';'EXPLORAÇÃO DE IMÓVEIS';'ITAÚ BBA';'FOLLOW-ON';'ICVM 400';22/10/2009;28.50;26/10/09;' 3.563 ';' 3.847 ';' 410.400.000 ';' - ';' 410.400.000 ';9%;33%;58%;0%;;;;;
;'CETIP';'NM';'SERVIÇOS FINANCEIROS DIVERSOS';'ITAÚ BBA';'IPO';'ICVM 400';26/10/2009;13.00;28/10/09;' 5.058 ';' 5.437 ';' - ';' 772.991.934 ';' 772.991.934 ';10%;5%;84%;0%;;;;;
;'CYRELA REALT';'NM';'CONSTRUÇÃO CIVIL';'CREDIT SUISSE';'FOLLOW-ON';'ICVM 400';27/10/2009;22.00;29/10/09;' 5.170 ';' 5.766 ';' 1.182.500.000 ';' - ';' 1.182.500.000 ';8%;2%;72%;17%;;;;;
;'MARFRIG';'NM';'CARNES E DERIVADOS';'BRADESCO BBI';'FOLLOW-ON';'ICVM 400';11/11/2009;19.00;12/11/09;' 5 ';' 2.644 ';' 1.501.760.000 ';' - ';' 1.501.760.000 ';1%;27%;48%;24%;;;;;
;'DIRECIONAL';'NM';'CONSTRUÇÃO CIVIL';'SANTANDER';'IPO';'ICVM 400';17/11/2009;10.50;19/11/09;' 588 ';' 661 ';' 273.999.999 ';' - ';' 273.999.999 ';7%;7%;64%;21%;;;;;
;'ENERGIAS BR';'NM';'ENERGIA ELÉTRICA';'BRADESCO BBI';'FOLLOW-ON';'ICVM 400';24/11/2009;28.50;26/11/09;' 1.109 ';' 1.551 ';' - ';' 441.750.000 ';' 441.750.000 ';9%;32%;58%;0%;;;;;
;'ANHANGUERA';'N2';'SERVIÇOS EDUCACIONAIS';'ITAÚ BBA';'FOLLOW-ON';'ICVM 400';8/12/2009;22.50;10/12/09;' 1.487 ';' 1.924 ';' - ';' 750.375.000 ';' 750.375.000 ';9%;12%;79%;0%;;;;;
;'FLEURY';'NM';'SERV. MÉD. HOSPIT.. ANÁLISES E DIAGNÓSTICOS';'BRADESCO BBI';'IPO';'ICVM 400';15/12/2009;16.00;17/12/09;' 4.631 ';' 5.176 ';' 630.233.120 ';' - ';' 630.233.120 ';9%;16%;75%;0%;;;;;
;'ALIANSCE';'NM';'EXPLORAÇÃO DE IMÓVEIS ';'BTG PACTUAL';'IPO';'ICVM 400';27/1/2010;9.00;29/01/10;' 1.626 ';' 1.892 ';' 450.000.000 ';' 193.500.000 ';' 643.500.000 ';7%;20%;73%;0%;;;;;
;'INPAR S/A';'NM';'CONSTRUÇÃO CIVIL ';'CREDIT SUISSE';'FOLLOW-ON';'ICVM 400';2/2/2010;3.20;04/02/10;' 1.423 ';' 1.612 ';' 280.000.000 ';' - ';' 280.000.000 ';7%;25%;68%;0%;;;;;
;'MULTIPLUS';'NM';'PROGRAMAS DE FIDELIZAÇÃO ';'BTG PACTUAL';'IPO';'ICVM 400';3/2/2010;16.00;05/02/10;' 1.167 ';' 1.388 ';' 692.384.000 ';' - ';' 692.384.000 ';4%;0%;82%;13%;;;;;
;'PDG REALT';'NM';'CONSTRUÇÃO CIVIL';'CREDIT SUISSE';'FOLLOW-ON';'ICVM 400';4/2/2010;14.50;08/02/10;' 2.802 ';' 3.491 ';' - ';' 1.618.891.462 ';' 1.618.891.462 ';10%;43%;47%;0%;;;;;
;'BR PROPERT';'NM';'EXPLORAÇÃO DE IMÓVEIS';'ITAÚ BBA';'IPO';'ICVM 400';4/3/2010;13.00;08/03/10;' 1.451 ';' 1.831 ';' 747.500.000 ';' 186.888.000 ';' 934.388.000 ';4%;29%;65%;2%;;;;;
;'OSX BRASIL ';'NM';'MÁQUINAS E EQUIPAMENTOS';'CREDIT SUISSE';'IPO';'ICVM 400';18/3/2010;800.00;22/03/10;' 30 ';' 184 ';' 2.450.400.000 ';' - ';' 2.450.400.000 ';1%;2%;69%;28%;;;;;
;'GAFISA ¹';'NM';'CONSTRUÇÃO CIVIL';'ITAÚ BBA';'FOLLOW-ON';'ICVM 400';23/3/2010;12.50;25/03/10;' 2.488 ';' 2.910 ';' 1.063.750.000 ';' - ';' 1.063.750.000 ';6%;32%;62%;0%;;;;;
;'ECORODOVIAS';'NM';'EXPLORAÇÃO DE RODOVIAS';'ITAÚ BBA';'IPO';'ICVM 400';30/3/2010;9.50;01/04/10;' 1.982 ';' 2.647 ';' 874.000.000 ';' 494.028.500 ';' 1.368.028.500 ';5%;29%;51%;15%;;;;;
;'HYPERMARCAS';'NM';'PRODUTOS DIVERSOS';'CITI';'FOLLOW-ON';'ICVM 400';31/3/2010;21.00;05/04/10;' 2.697 ';' 3.616 ';' 1.232.616.000 ';' - ';' 1.232.616.000 ';8%;20%;72%;0%;;;;;
;'MILLS';'NM';'SERVIÇOS DIVERSOS';'ITAÚ BBA';'IPO';'ICVM 400';14/4/2010;11.50;16/04/10;' 1.086 ';' 1.358 ';' 425.925.926 ';' 259.814.808 ';' 685.740.734 ';3%;15%;77%;4%;;;;;
;'EVEN';'NM';'CONSTRUÇÃO CIVIL';'ITAÚ BBA';'FOLLOW-ON';'ICVM 400';15/4/2010;6.00;19/04/10;' 2.156 ';' 2.515 ';' 326.000.004 ';' 180.000.000 ';' 506.000.004 ';10%;33%;47%;10%;;;;;
;'JULIO SIMOES';'NM';'TRANSPORTE RODOVIÁRIO';'BRADESCO BBI';'IPO';'ICVM 400';19/4/2010;8.00;22/04/10;' 726 ';' 989 ';' 477.902.824 ';' - ';' 477.902.824 ';3%;15%;65%;17%;;;;;
;'JBS';'NM';'CARNES E DERIVADOS';'BTG PACTUAL';'FOLLOW-ON';'ICVM 400';27/4/2010;8.00;29/04/10;' 3.378 ';' 4.070 ';' 1.600.000.000 ';' - ';' 1.600.000.000 ';9%;56%;34%;1%;;;;;
;'BRASIL';'NM';'BANCOS';'BB INVESTIMENTOS';'FOLLOW-ON';'ICVM 400';30/6/2010;24.65;02/07/10;' 103.471 ';' 113.502 ';' 7.049.900.000 ';' 2.711.500.000 ';' 9.761.400.000 ';16%;43%;39%;2%;;;;;
;'RENOVA';'N2';'ENERGIA ELÉTRICA';'SANTANDER';'IPO';'ICVM 400';8/7/2010;15.00;13/07/10;' 579 ';' 619 ';' 160.707.000 ';' - ';' 160.707.000 ';9%;0%;2%;89%;;;;;
;'PETROBRAS';'BÁSICO';'EXPLORAÇÃO E/OU REFINO ';'BRADESCO BBI';'FOLLOW-ON';'ICVM 400';23/9/2010;28.16;27/09/10;' 104.109 ';' 112.827 ';' 120.248.558.770 ';' - ';' 120.248.558.770 ';3%;10%;20%;66%;;;;;
;'ESTACIO PART';'NM';'SERVIÇOS EDUCACIONAIS';'BTG PACTUAL';'FOLLOW-ON';'ICVM 400';30/9/2010;19.00;04/10/10;' 1.173 ';' 1.701 ';' 62.326.156 ';' 623.261.560 ';' 685.587.716 ';9%;21%;70%;0%;;;;;
;'HRT PETROLEO';'NM';'EXPLORAÇÃO E/OU REFINO ';'CREDIT SUISSE';'IPO';'ICVM 400';21/10/2010;1.200.00;25/10/10;' 127 ';' 646 ';' 2.474.746.800 ';' 6.253.200 ';' 2.481.000.000 ';2%;13%;85%;0%;;;;;
;'LOPES BRASIL';'NM';'INTERMEDIAÇÃO IMOBILIÁRIA';'ITAÚ BBA';'FOLLOW-ON';'ICVM 400';21/10/2010;37.51;25/10/10;' 2.035 ';' 2.215 ';' 207.055.200 ';' - ';' 207.055.200 ';9%;26%;65%;0%;;;;;
;'BR INSURANCE';'NM';'CORRETORAS DE SEGUROS';'MORGAN STANLEY';'IPO';'ICVM 400';28/10/2010;1.350.00;01/11/10;' 70 ';' 472 ';' 348.097.500 ';' 296.527.500 ';' 644.625.000 ';5%;15%;80%;0%;;;;;
;'ANHANGUERA';'NM';'SERVIÇOS EDUCACIONAIS';'ITAÚ BBA';'FOLLOW-ON';'ICVM 400';9/12/2010;36.70;13/12/10;' 2.124 ';' 2.484 ';' 844.100.000 ';' - ';' 844.100.000 ';9%;16%;75%;0%;;;;;
;'RAIA';'NM';'MEDICAMENTOS';'ITAÚ BBA';'IPO';'ICVM 400';16/12/2010;24.00;20/12/10;' 6.672 ';' 7.477 ';' 525.655.800 ';' 129.041.880 ';' 654.697.680 ';9%;26%;65%;0%;;;;;
;'AREZZO CO ';'NM';'TECIDOS. VESTUÁRIO E CALÇADOS';'ITAÚ BBA';'IPO';'ICVM 400';31/1/2011;19.00;02/02/11;' 8.992 ';' 9.799 ';' 195.588.242 ';' 370.220.605 ';' 565.808.847 ';8%;22%;70%;0%;;;;;
;'SIERRABRASIL ';'NM';'EXPLORAÇÃO DE IMÓVEIS ';'CREDIT SUISSE';'IPO';'ICVM 400';1/2/2011;20.00;03/02/11;' 3.389 ';' 3.739 ';' 465.020.860 ';' - ';' 465.020.860 ';9%;35%;55%;0%;;;;;
;'TECNISA ';'NM';'CONSTRUÇÃO CIVIL';'ITAÚ BBA';'FOLLOW-ON';'ICVM 400';1/2/2011;10.00;03/02/11;' 2.391 ';' 2.665 ';' 398.305.000 ';' - ';' 398.305.000 ';9%;39%;51%;0%;;;;;
;'AUTOMETAL ';'NM';'MATERIAL RODOVIÁRIO';'SANTANDER';'IPO';'ICVM 400';3/2/2011;14.00;07/02/11;' 3.545 ';' 3.837 ';' 440.752.200 ';' 13.559.420 ';' 454.311.620 ';9%;14%;64%;14%;;;;;
;'BR BROKERS ';'NM';'INTERMEDIAÇÃO IMOBILIÁRIA ';'CREDIT SUISSE';'FOLLOW-ON';'ICVM 400';3/2/2011;7.90;07/02/11;' 2.729 ';' 2.874 ';' 189.303.553 ';' - ';' 189.303.553 ';9%;10%;81%;0%;;;;;
;'QGEP PART ';'NM';'EXPLORAÇÃO E/OU REFINO ';'ITAÚ BBA';'IPO';'ICVM 400';7/2/2011;19.00;09/02/11;' 8.896 ';' 9.722 ';' 1.515.079.361 ';' - ';' 1.515.079.361 ';12%;15%;72%;1%;;;;;
;'DIRECIONAL';'NM';'CONSTRUÇÃO CIVIL ';'ITAÚ BBA';'FOLLOW-ON';'ICVM 400';9/2/2011;11.00;11/02/11;' 1.162 ';' 1.336 ';' 228.800.000 ';' 79.200.000 ';' 308.000.000 ';11%;8%;81%;0%;;;;;
;'MAGNESITA SA';'NM';'MATERIAIS DIVERSOS ';'ITAÚ BBA';'FOLLOW-ON';'ICVM 400';11/2/2011;8.25;15/02/11;' 1.620 ';' 1.822 ';' 278.602.500 ';' - ';' 278.602.500 ';13%;34%;53%;0%;;;;;
;'IMC HOLDINGS';'NM';'RESTAURANTE E SIMILARES ';'BTG PACTUAL';'IPO';'ICVM 400';3/3/2011;13.50;09/03/11;' 669 ';' 775 ';' 320.515.988 ';' 133.079.733 ';' 453.595.721 ';3%;4%;93%;0%;;;;;
;'TIME FOR FUN';'NM';'PRODUÇÃO DE EVENTOS E SHOWS';'CREDIT SUISSE';'IPO';'ICVM 400';11/4/2011;16.00;13/04/11;' 900 ';' 1.041 ';' 187.586.208 ';' 315.476.128 ';' 503.062.336 ';4%;5%;91%;0%;;;;;
;'GERDAU';'N1';'SIDERURGIA';'BTG PACTUAL';'FOLLOW-ON';'ICVM 400';12/4/2011;18.34;14/04/11;' 10.579 ';' 12.141 ';' 3.719.719.767 ';' 1.265.229.454 ';' 4.984.949.221 ';8%;30%;39%;24%;;;;;
;'MAGAZ LUIZA';'NM';'ELETRODOMÉSTICOS';'ITAÚ BBA';'IPO';'ICVM 400';28/4/2011;16.00;02/05/11;' 34.496 ';' 36.995 ';' 583.911.472 ';' 302.469.264 ';' 886.380.736 ';21%;30%;47%;2%;;;;;
;'BR MALLS PAR ';'NM';'EXPLORAÇÃO DE IMÓVEIS';'ITAÚ BBA';'FOLLOW-ON';'ICVM 400';10/5/2011;17.20;12/05/11;' 950 ';' 1.486 ';' 731.000.000 ';' - ';' 731.000.000 ';6%;23%;71%;0%;;;;;
;'BR PHARMA';'NM';'MEDICAMENTOS';'BTG PACTUAL';'IPO';'ICVM 400';22/6/2011;17.25;27/06/11;' 141 ';' 372 ';' 414.000.000 ';' - ';' 414.000.000 ';10%;33%;56%;0%;;;;;
;'QUALICORP';'NM';'SERV. MÉD. HOSPIT.. ANÁLISES E DIAGNÓSTICOS';'BOFA MERRILL LYNCH';'IPO';'ICVM 400';27/6/2011;13.00;29/06/11;' 807 ';' 997 ';' 353.852.577 ';' 731.295.305 ';' 1.085.147.882 ';2%;8%;90%;0%;;;;;
;'BR PROPERT ';'NM';'EXPLORAÇÃO DE IMÓVEIS ';'ITAÚ BBA';'FOLLOW-ON';'ICVM 400';28/6/2011;17.15;30/06/11;' 607 ';' 951 ';' 690.287.500 ';' - ';' 690.287.500 ';6%;25%;69%;1%;;;;;
;'TECHNOS';'NM';'ACESSÓRIOS';'ITAÚ BBA';'IPO';'ICVM 400';28/6/2011;16.50;01/07/11;' 586 ';' 739 ';' 180.608.109 ';' 280.945.946 ';' 461.554.055 ';6%;39%;55%;0%;;;;;
;'KROTON';'N2';'SERVIÇOS EDUCACIONAIS';'ITAÚ BBA';'FOLLOW-ON';'ICVM 400';29/6/2011;19.25;01/07/11;' 413 ';' 587 ';' 380.229.850 ';' 15.400.000 ';' 395.629.850 ';8%;20%;72%;0%;;;;;
;'METAL LEVE';'NM';'MATERIAL RODOVIÁRIO';'ITAÚ BBA';'FOLLOW-ON';'ICVM 400';30/6/2011;41.00;05/07/11;' 377 ';' 619 ';' - ';' 305.766.315 ';' 305.766.315 ';9%;41%;38%;12%;;;;;
;'ENERGIAS BR';'NM';'ENERGIA ELÉTRICA';'SANTANDER';'FOLLOW-ON';'ICVM 400';7/7/2011;37.00;11/07/11;' 1.278 ';' 1.816 ';' - ';' 810.724.020 ';' 810.724.020 ';11%;29%;60%;0%;;;;;
;'ABRIL EDUCA';'N2';'JORNAIS. LIVROS E REVISTAS ';'CREDIT SUISSE';'IPO';'ICVM 400';21/7/2011;20.00;26/07/11;' 1.394 ';' 1.604 ';' 371.134.040 ';' - ';' 371.134.040 ';12%;36%;42%;10%;;;;;
;'TIM PART S/A';'NM';'TELEFONIA MÓVEL ';'ITAÚ BBA';'FOLLOW-ON';'ICVM 400';4/10/2011;8.60;06/10/11;' 650 ';' 988 ';' 1.722.221.965 ';' - ';' 1.722.221.965 ';2%;8%;21%;68%;;;;;
;'QUALICORP';'NM';'SERV. MÉD. HOSPIT.. ANÁLISES E DIAGNÓSTICOS';'CREDIT SUISSE';'FOLLOW-ON';'ICVM 400';17/4/2012;16.50;18/04/12;' 731 ';' 1.077 ';' - ';' 758.544.452 ';' 758.544.452 ';6%;27%;66%;0%;;;;;
;'LOCAMERICA';'NM';'ALUGUEL DE CARROS';'ITAÚ BBA';'IPO';'ICVM 400';19/4/2012;9.00;23/04/12;' 239 ';' 391 ';' 163.636.362 ';' 109.343.196 ';' 272.979.558 ';5%;49%;46%;0%;;;;;
;'FIBRIA';'NM';'PAPEL E CELULOSE';'ITAÚ BBA';'FOLLOW-ON';'ICVM 400';24/4/2012;15.83;25/04/12;' 847 ';' 949 ';' 1.361.380.000 ';' - ';' 1.361.380.000 ';3%;6%;32%;59%;;;;;
;'BTG PACTUAL';'BÁSICO';'BANCOS';'BTG PACTUAL';'IPO';'ICVM 400';24/4/2012;31.25;26/04/12;' 6.122 ';' 7.221 ';' 2.587.500.000 ';' 646.875.000 ';' 3.234.375.000 ';10%;14%;68%;9%;;;;;
;'UNICASA';'NM';'MÓVEIS ';'BTG PACTUAL';'IPO';'ICVM 400';25/4/2012;14.00;27/04/12;' 774 ';' 1.040 ';' 127.909.096 ';' 297.687.082 ';' 425.596.178 ';4%;51%;45%;0%;;;;;
;'BR PHARMA';'NM';'MEDICAMENTO';'BTG PACTUAL';'FOLLOW-ON';'ICVM 400';21/6/2012;9.25;25/06/12;' 18 ';' 384 ';' 488.400.000 ';' 64.750.000 ';' 553.150.000 ';0%;32%;45%;23%;;;;;
;'SUZANO PAPEL';'N1';'PAPEL E CELULOSE';'BTG PACTUAL';'FOLLOW-ON';'ICVM 400';27/6/2012;4.00;29/06/12;' 281 ';' 484 ';' 1.463.368.856 ';' - ';' 1.463.368.856 ';12%;16%;10%;62%;;;;;
;'TAESA';'N2';'ENERGIA ELÉTRICA';'BTG PACTUAL';'FOLLOW-ON';'ICVM 400';19/7/2012;65.00;20/07/12;' 1.547 ';' 2.184 ';' 1.755.000.000 ';' - ';' 1.755.000.000 ';4%;32%;55%;10%;;;;;
;'MINERVA';'NM';'CARNES E DERIVADOS';'BTG PACTUAL';'FOLLOW-ON';'ICVM 400';28/11/2012;11.00;30/11/12;' 1.142 ';' 1.483 ';' 415.391.900 ';' 82.500.000 ';' 497.891.900 ';10%;42%;44%;5%;;;;;
;'MARFRIG';'NM';'CARNES E DERIVADOS';'ITAÚ BBA';'FOLLOW-ON';'ICVM 400';4/12/2012;8.00;06/12/12;' 2.439 ';' 2.881 ';' 1.050.000.000 ';' - ';' 1.050.000.000 ';3%;25%;54%;18%;;;;;
;'EQUATORIAL';'NM';'ENERGIA ELÉTRICA';'BTG PACTUAL';'FOLLOW-ON';'ICVM 400';7/12/2012;16.00;10/12/12;' 3.146 ';' 3.554 ';' 1.210.113.984 ';' 210.454.608 ';' 1.420.568.592 ';7%;51%;42%;0%;;;;;
;'ALIANSCE';'NM';'EXPLORAÇÃO DE IMÓVEIS ';'ITAÚ BBA';'FOLLOW-ON';'ICVM 400';12/12/2012;23.25;14/12/12;' 3.613 ';' 3.998 ';' 447.629.693 ';' - ';' 447.629.693 ';11%;36%;52%;0%;;;;;
;'ESTACIO PART';'NM';'SERVIÇOS EDUCACIONAIS';'CREDIT SUISSE';'FOLLOW-ON';'ICVM 400';23/1/2013;42.00;28/01/13;' 6.213 ';' 6.708 ';' 616.858.200 ';' 151.826.346 ';' 768.684.546 ';10%;34%;55%;0%;;;;;
;'LINX';'NM';'PROGRAMAS E SERVIÇOS';'CREDIT SUISSE';'IPO';'ICVM 400';6/2/2013;27.00;08/02/13;' 6.247 ';' 6.923 ';' 343.102.500 ';' 184.747.500 ';' 527.850.000 ';11%;27%;62%;0%;;;;;
;'SENIOR SOL';'MA';'PROGRAMAS E SERVIÇOS';'BANCO VOTORANTIM';'IPO';'ICVM 400';6/3/2013;11.50;08/03/13;' 1.221 ';' 1.318 ';' 39.655.163 ';' 17.806.830 ';' 57.461.993 ';31%;45%;13%;11%;;;;;
;'MULTIPLAN';'N2';'EXPLORAÇÃO DE IMÓVEIS';'CREDIT SUISSE';'FOLLOW-ON';'ICVM 400';27/3/2013;58.00;01/04/13;' 8.158 ';' 8.887 ';' 626.400.000 ';' - ';' 626.400.000 ';10%;25%;50%;15%;;;;;
;'BIOSEV';'NM';'AÇÚCAR E ÁLCOOL';'BTG PACTUAL';'IPO';'ICVM 400';15/4/2013;15.00;19/04/13;' 890 ';' 961 ';' 700.000.005 ';' - ';' 700.000.005 ';2%;21%;77%;0%;;;;;
;'BHG';'NM';'HOTELARIA';'ITAÚ BBA';'FOLLOW-ON';'ICVM 400';18/4/2013;17.50;22/04/13;' 3.776 ';' 3.963 ';' 355.490.520 ';' - ';' 355.490.520 ';19%;20%;59%;2%;;;;;
;'ALUPAR';'N2';'ENERGIA ELÉTRICA';'ITAÚ BBA';'IPO';'ICVM 400';22/4/2013;18.50;24/04/13;' 4.935 ';' 5.310 ';' 821.226.100 ';' - ';' 821.226.100 ';15%;30%;55%;1%;;;;;
;'ABRIL EDUCA';'N2';'JORNAIS. LIVROS E REVISTAS ';'ITAÚ BBA';'FOLLOW-ON';'ICVM 400';24/4/2013;45.00;26/04/13;' 3.026 ';' 3.269 ';' 126.673.920 ';' 395.222.535 ';' 521.896.455 ';12%;30%;54%;4%;;;;;
;'BB SEGURIDADE';'NM';'SEGURADORAS';'BB INVESTIMENTOS';'IPO';'ICVM 400';25/4/2013;17.00;29/04/13;' 103.359 ';' 114.335 ';' - ';' 11.475.000.000 ';' 11.475.000.000 ';16%;23%;58%;3%;;;;;
;'SMILES';'NM';'PROGRAMAS DE FIDELIZAÇÃO ';'CREDIT SUISSE';'IPO';'ICVM 400';25/4/2013;21.70;29/04/13;' 3.655 ';' 4.096 ';' 1.132.173.890 ';' - ';' 1.132.173.890 ';9%;14%;40%;36%;;;;;
;'IGUATEMI';'NM';'EXPLORAÇÃO DE IMÓVEIS';'ITAÚ BBA';'FOLLOW-ON';'ICVM 400';4/6/2013;23.50;06/06/13;' 1.892 ';' 2.082 ';' 425.364.100 ';' - ';' 425.364.100 ';10%;21%;58%;11%;;;;;
;'CPFL RENOVAV';'NM';'ENERGIA ELÉTRICA';'BOFA MERRILL LYNCH';'IPO';'ICVM 400';17/7/2013;12.51;19/07/13;' 1.260 ';' 1.321 ';' 364.687.304 ';' 549.999.998 ';' 914.687.302 ';3%;45%;25%;28%;;;;;
;'TUPY';'NM';'MATERIAL RODOVIÁRIO';'CITI';'FOLLOW-ON';'ICVM 400';16/10/2013;17.50;18/10/13;' 322 ';' 517 ';' 523.250.000 ';' - ';' 523.250.000 ';6%;40%;55%;0%;;;;;
;'ANIMA';'NM';'SERVIÇOS EDUCACIONAIS';'ITAÚ BBA';'IPO';'ICVM 400';24/10/2013;18.50;28/10/13;' 1.218 ';' 1.487 ';' 426.020.572 ';' 78.036.349 ';' 504.056.920 ';9%;40%;51%;1%;;;;;
;'SER EDUCA';'NM';'SERVIÇOS EDUCACIONAIS';'BTG PACTUAL';'IPO';'ICVM 400';25/10/2013;17.50;29/10/13;' 1.059 ';' 1.311 ';' 309.714.090 ';' 309.714.090 ';' 619.428.180 ';3%;39%;58%;0%;;;;;
;'CVC BRASIL';'NM';'VIAGENS E TURISMO';'ITAÚ BBA';'IPO';'ICVM 400';5/12/2013;16.00;09/12/13;' 2.316 ';' 2.540 ';' - ';' 541.465.600 ';' 541.465.600 ';9%;42%;48%;0%;;;;;
;'VIAVAREJO';'N2';'ELETRODOMÉSTICOS';'CREDIT SUISSE';'FOLLOW-ON';'ICVM 400';12/12/2013;23.00;16/12/13;' 1.431 ';' 1.826 ';' - ';' 2.845.030.632 ';' 2.845.030.632 ';1%;24%;75%;0%;;;;;
;'OI¹';'N1';'TELEFONIA FIXA';'BTG PACTUAL';'FOLLOW-ON';'ICVM 400';28/4/2014;2.06;30/04/14;' 3.429 ';' 4.369 ';' 13.959.899.999 ';' - ';' 13.959.899.999 ';1%;12%;41%;46%;;;;;
;'OUROFINO S/A';'NM';'MEDICAMENTOS E OUTROS PRODUTOS';'JP MORGAN';'IPO';'ICVM 400';17/10/2014;27.00;21/10/14;' 2.570 ';' 2.922 ';' 106.442.289 ';' 311.538.474 ';' 417.980.763 ';10%;22%;20%;48%;;;;;
;'TELEF BRASIL¹';'BÁSICO';'TELEFONIA FIXA';'ITAÚ BBA';'FOLLOW-ON';'ICVM 400';27/4/2015;44.15;29/04/15;' 956 ';' 1.850 ';' 16.107.285.059 ';' - ';' 16.107.285.059 ';0%;8%;70%;22%;;;;;
;'PARCORRETORA';'NM';'CORRETORAS DE SEGUROS';'BRADESCO BBI';'IPO';'ICVM 400';2/6/2015;12.33;05/06/15;' 3.693 ';' 4.527 ';' - ';' 602.800.014 ';' 602.800.014 ';10%;37%;52%;1%;;;;;
;'VALID';'NM';'SERVIÇOS DIVERSOS ';'ITAÚ BBA';'FOLLOW-ON';'ICVM 476';22/9/2015;44.00;23/09/15;' 42 ';' 449 ';' 396.000.000 ';' - ';' 396.000.000 ';1%;28%;70%;0%;;;;;
;'GENERALSHOPP';'NM';'EXPLORAÇÃO DE IMÓVEIS ';'SANTANDER';'FOLLOW-ON';'ICVM 476';14/9/2015;3.99;01/10/15;' - ';' 1 ';' 57.932.406 ';' - ';' 57.932.406 ';0%;0%;0%;100%;;;;;
;'GERDAU MET';'N1';'SIDERURGIA';'BTG PACTUAL';'FOLLOW-ON';'ICVM 476';17/11/2015;1.80;19/11/15;' 225 ';' 558 ';' 900.000.000 ';' - ';' 900.000.000 ';4%;35%;25%;36%;;;;;
;'BR PHARMA';'NM';'MEDICAMENTOS';'BTG PACTUAL';'FOLLOW-ON';'ICVM 476';19/1/2016;3.78;02/02/16;' - ';' 1 ';' 400.000.001 ';' - ';' 400.000.001 ';0%;0%;0%;100%;;;;;
;'MERC INVEST';'BÁSICO';'BANCOS';'BANCO VOTORANTIM';'FOLLOW-ON';'ICVM 476';10/3/2016;0.33;11/03/16;' - ';' 5 ';' 190.474.337 ';' - ';' 190.474.337 ';0%;0%;0%;100%;;;;;
;'RUMO LOG';'NM';'TRANSPORTE FERROVIÁRIO';'SANTANDER';'FOLLOW-ON';'ICVM 476';7/4/2016;2.50;08/04/16;' 30 ';' 407 ';' 2.600.000.000 ';' - ';' 2.600.000.000 ';0%;12%;48%;41%;;;;;
;'FRAS-LE';'N1';'MATERIAL RODOVIÁRIO';'SANTANDER';'FOLLOW-ON';'ICVM 476';8/4/2016;3.24;25/04/16;' 15 ';' 60 ';' 300.000.001 ';' - ';' 300.000.001 ';2%;42%;3%;53%;;;;;
;'ENERGISA';'N2';'ENERGIA ELÉTRICA';'CITI';'FOLLOW-ON';'ICVM 400';27/7/2016;18.50;28/07/16;' 1.824 ';' 2.560 ';' 1.535.962.500 ';' - ';' 1.535.962.500 ';10%;35%;54%;1%;;;;;
;'CVC BRASIL';'NM';'VIAGENS E TURISMO';'BOFA MERRILL LYNCH';'FOLLOW-ON';'ICVM 476';10/8/2016;20.50;16/08/16;' 2 ';' 714 ';' - ';' 1.230.000.000 ';' 1.230.000.000 ';0%;34%;65%;1%;;;;;
;'LINX';'NM';'PROGRAMAS E SERVIÇOS';'BTG PACTUAL';'FOLLOW-ON';'ICVM 476';26/9/2016;18.50;28/09/16;' 1 ';' 342 ';' 444.000.000 ';' - ';' 444.000.000 ';0%;29%;71%;0%;;;;;
;'TAESA';'N2';'ENERGIA ELÉTRICA';'BOFA MERRILL LYNCH';'FOLLOW-ON';'ICVM 476';18/10/2016;19.65;24/10/16;' - ';' 684 ';' - ';' 1.291.048.820 ';' 1.291.048.820 ';0%;32%;68%;0%;;;;;
;'ALLIAR';'NM';'SERVIÇOS MÉDICOS HOSPITALARES. ANÁLISES E DIAGNÓSTICOS';'ITAÚ BBA';'IPO';'ICVM 400';26/10/2016;20.00;28/10/16;' 1.771 ';' 2.035 ';' 279.069.780 ';' 395.127.820 ';' 674.197.600 ';9%;37%;53%;1%;;;;;
;'SANEPAR';'N2';'ÁGUA E SANEAMENTO';'BRADESCO BBI';'FOLLOW-ON';'ICVM 400';19/12/2016;9.50;21/12/16;' 1.310 ';' 1.757 ';' 257.592.187 ';' 1.717.571.453 ';' 1.975.163.639 ';9%;51%;39%;1%;;;;;
;'MOVIDA';'NM';'ALUGUEL DE CARROS';'BRADESCO BBI';'IPO';'ICVM 400';6/2/2017;7.50;08/02/17;' 1.096 ';' 1.373 ';' 535.955.055 ';' 64.128.735 ';' 600.083.790 ';9%;31%;45%;15%;;;;;
;'IHPARDINI';'NM';'SERVIÇOS MÉDICOS HOSPITALARES. ANÁLISES E DIAGNÓSTICOS';'ITAÚ BBA';'IPO';'ICVM 400';10/2/2017;19.00;14/02/17;' 4.616 ';' 5.042 ';' 187.272.151 ';' 690.396.673 ';' 877.668.824 ';10%;48%;41%;1%;;;;;
;'CCR SA ';'NM';'EXPLORAÇÃO DE RODOVIAS';'BRADESCO BBI';'FOLLOW-ON';'ICVM 476';9/2/2017;16.00;10/02/17;' - ';' 396 ';' 4.070.604.800 ';' - ';' 4.070.604.800 ';0%;13%;68%;19%;;;;;
;'LOJAS AMERIC';'BÁSICO';'PRODUTOS DIVERSOS';'CREDIT SUISSE';'FOLLOW-ON';'ICVM 476';8/3/2017;15.80;10/03/17;' - ';' 1.203 ';' 2.405.053.617 ';' - ';' 2.405.053.617 ';0%;39%;47%;14%;;;;;
;'ALUPAR';'N2';'ENERGIA ELÉTRICA';'SANTANDER';'FOLLOW-ON';'ICVM 476';4/4/2017;6.50;06/04/17;' 150 ';' 811 ';' 833.462.494 ';' - ';' 833.462.494 ';0%;45%;55%;0%;;;;;
;'AZUL¹';'N2';'TRANSPORTE AÉREO';'ITAÚ BBA';'IPO';'ICVM 400';10/4/2017;21.00;11/04/17;' 1.517 ';' 1.753 ';' 1.323.000.000 ';' 698.036.577 ';' 2.021.036.577 ';6%;8%;86%;0%;;;;;
;'SANTANDER BR ¹';'BÁSICO';'BANCOS';'BOFA MERRILL LYNCH';'FOLLOW-ON';'ICVM 476';6/4/2017;25.00;06/04/17;' - ';' 157 ';' - ';' 2.000.000.000 ';' 2.000.000.000 ';0%;19%;81%;0%;;;;;
;'BR MALLS PAR';'NM';'EXPLORAÇÃO DE IMÓVEIS';'ITAÚ BBA';'FOLLOW-ON';'ICVM 476';24/5/2017;11.00;24/05/17;' 53 ';' 536 ';' 1.730.088.492 ';' - ';' 1.730.088.492 ';0%;33%;66%;0%;;;;;
;'BR PROPERT';'NM';'EXPLORAÇÃO DE IMÓVEIS ';'ITAÚ BBA';'FOLLOW-ON';'ICVM 476';29/6/2017;8.75;03/07/17;' 12 ';' 179 ';' 952.934.929 ';' - ';' 952.934.929 ';0%;4%;96%;0%;;;;;
;'CARREFOUR BR';'NM';'ALIMENTOS';'ITAÚ BBA';'IPO';'ICVM 400';18/7/2017;15.00;20/07/17;' 4.068 ';' 4.839 ';' 3.088.235.295 ';' 1.884.470.475 ';' 4.972.705.770 ';5%;32%;63%;1%;;;;;
;'BIOTOSCANA';'BDR';'MEDICAMENTOS E OUTROS PRODUTOS';'JP MORGAN';'IPO';'ICVM 400';18/7/2017;26.50;25/07/17;' 4.295 ';' 4.661 ';' 424.000.000 ';' 917.562.500 ';' 1.341.562.500 ';10%;22%;68%;0%;;;;;
;'IRBBRASIL RE';'NM';'SEGURADORAS';'BRADESCO BBI';'IPO';'ICVM 400';27/7/2017;27.24;31/07/17;' 7.324 ';' 7.879 ';' - ';' 2.003.610.960 ';' 2.003.610.960 ';10%;27%;63%;0%;;;;;
;'OMEGA GER';'NM';'ENERGIA ELÉTRICA';'BTG PACTUAL';'IPO';'ICVM 400';27/7/2017;15.60;31/07/17;' 776 ';' 1.017 ';' 538.538.504 ';' 250.637.962 ';' 789.176.466 ';4%;59%;25%;12%;;;;;
;'BAHEMA';'BÁSICO';'HOLDINGS DIVERSIFICADAS';'COINVALORES CCVM LTDA.';'FOLLOW-ON';'ICVM 476';31/3/2017;53.78;04/08/17;' 2 ';' 11 ';' 30.555.215 ';' - ';' 30.555.215 ';2%;76%;0%;22%;;;;;
;'MAGAZ LUIZA';'NM';'ELETRODOMÉSTICOS';'BOFA MERRILL LYNCH';'FOLLOW-ON';'ICVM 476';27/9/2017;65.00;29/09/17;' 71 ';' 155 ';' 1.144.000.000 ';' 416.000.000 ';' 1.560.000.000 ';0%;34%;66%;0%;;;;;
;'PARANAPANEMA';'NM';'ARTEFATOS DE COBRE';'MODAL';'FOLLOW-ON';'ICVM 476';13/9/2017;1.56;15/09/17;' - ';' 39 ';' - ';' 352.358.788 ';' 352.358.788 ';0%;0%;19%;81%;;;;;
;'AZUL ¹';'N2';'TRANSPORTE AÉREO';'ITAÚ BBA';'FOLLOW-ON';'ICVM 476';14/9/2017;27.96;19/09/17;' - ';' 145 ';' - ';' 1.249.622.012 ';' 1.249.622.012 ';0%;8%;92%;0%;;;;;
;'CAMIL';'NM';'ALIMENTOS DIVERSOS';'BOFA MERRILL LYNCH';'IPO';'ICVM 400';20/9/2017;9.00;28/09/17;' 2.573 ';' 2.940 ';' 369.000.000 ';' 778.500.000 ';' 1.147.500.000 ';9%;55%;35%;1%;;;;;
;'ENEVA';'NM';'ENERGIA ELÉTRICA';'BTG PACTUAL';'FOLLOW-ON';'ICVM 400';5/10/2017;11.00;06/10/17;' 261 ';' 426 ';' 834.482.759 ';' 41.724.133 ';' 876.206.892 ';2%;54%;31%;14%;;;;;
;'VULCABRAS';'NM';'CALÇADOS';'CREDIT SUISSE';'FOLLOW-ON';'ICVM 400';24/10/2017;9.50;25/10/17;' 1.030 ';' 1.288 ';' 574.997.000 ';' 111.460.432 ';' 686.457.432 ';10%;65%;25%;0%;;;;;
;'RUMO S.A.';'NM';'TRANSPORTE FERROVIÁRIO';'BRADESCO BBI';'FOLLOW-ON';'ICVM 476';4/10/2017;12.00;06/10/17;' - ';' 76 ';' 2.640.000.000 ';' - ';' 2.640.000.000 ';0%;18%;23%;59%;;;;;
;'IMC S/A';'NM';'RESTAURANTE E SIMILARES';'BTG PACTUAL';'FOLLOW-ON';'ICVM 476';9/11/2017;8.00;13/11/17;' - ';' 141 ';' - ';' 444.592.648 ';' 444.592.648 ';0%;60%;40%;0%;;;;;
;'BK BRASIL';'NM';'RESTAURANTE E SIMILARES';'ITAÚ BBA';'IPO';'ICVM 400';14/12/2017;18.00;18/12/17;' 3.281 ';' 3.672 ';' 886.153.842 ';' 1.096.968.060 ';' 1.983.121.902 ';10%;14%;76%;0%;;;;;
;'LE LIS BLANC';'NM';'TECIDOS. VESTUÁRIO E CALÇADOS';'BTG PACTUAL';'FOLLOW-ON';'ICVM 476';30/11/2017;30.00;04/12/17;' 1 ';' 40 ';' 148.140.000 ';' - ';' 148.140.000 ';31%;0%;1%;69%;;;;;
;'PETROBRAS BR';'NM';'EXPLORAÇÃO. REFINO E DISTRIBUIÇÃO';'CITI';'IPO';'ICVM 400';13/12/2017;15.00;15/12/17;' 6.808 ';' 7.658 ';' 655.312.500 ';' 4.368.750.000 ';' 5.024.062.500 ';10%;24%;66%;1%;;;;;
;'SANEPAR';'N2';'ÁGUA E SANEAMENTO';'ITAÚ BBA';'FOLLOW-ON';'ICVM 476';12/12/2017;55.20;14/12/17;' - ';' 56 ';' - ';' 1.040.308.970 ';' 1.040.308.970 ';0%;43%;57%;0%;;;;;
;'INTERMEDICA';'NM';'SERV.MÉD.HOSPIT..ANÁLISES E DIAGNÓSTICOS';'ITAÚ BBA';'IPO';'ICVM 400';19/4/2018;16.50;23/04/18;' 1.375 ';' 1.838 ';' 341.379.308 ';' 2.377.736.642 ';' 2.719.115.949 ';9%;21%;70%;0%;;;;;
;'HAPVIDA';'NM';'SERV.MÉD.HOSPIT..ANÁLISES E DIAGNÓSTICOS';'BTG PACTUAL';'IPO';'ICVM 400';23/4/2018;23.50;25/04/18;' 4.374 ';' 5.099 ';' 2.631.026.466 ';' 800.747.178 ';' 3.431.773.644 ';10%;44%;46%;0%;;;;;
;'INTER BANCO';'N1';'BANCOS';'BRADESCO BBI';'IPO';'ICVM 400';26/4/2018;18.50;30/04/18;' 8.387 ';' 8.605 ';' 541.463.439 ';' 130.991.063 ';' 672.454.502 ';12%;28%;60%;0%;;;;;
;'INTERMEDICA';'NM';'SERV.MÉD.HOSPIT..ANÁLISES E DIAGNÓSTICOS';'ITAÚ BBA';'FOLLOW-ON';'ICVM 476';5/12/2018;26.00;07/12/18;' 15 ';' 337 ';' 312.000.000 ';' 2.741.700.000 ';' 3.053.700.000 ';0%;27%;73%;0%;;;;;
;'LOCAMERICA';'NM';'ALUGUEL DE CARROS';'ITAÚ BBA';'FOLLOW-ON';'ICVM 476';13/12/2018;32.00;17/12/18;' 40 ';' 337 ';' 992.000.000 ';' 384.000.000 ';' 1.376.000.000 ';0%;60%;40%;0%;;;;;
;'LOCALIZA';'NM';'ALUGUEL DE CARROS';'BTG PACTUAL';'FOLLOW-ON';'ICVM 476';31/1/2019;33.00;04/02/19;' 116 ';' 906 ';' 1.821.600.000 ';' - ';' 1.821.600.000 ';0%;54%;46%;0%;;;;;
;'IRBBRASIL RE';'NM';'SEGURADORAS';'CAIXA';'FOLLOW-ON';'ICVM 476';26/2/2019;91.00;28/02/19;' - ';' 64 ';' - ';' 2.516.733.128 ';' 2.516.733.128 ';0%;30%;70%;0%;;;;;
;'BK BRASIL';'NM';'RESTAURANTE E SIMILARES';'ITAÚ BBA';'FOLLOW-ON';'ICVM 476';22/3/2019;21.41;25/03/19;' - ';' 118 ';' - ';' 714.529.226 ';' 714.529.226 ';0%;16%;83%;1%;;;;;
;'ENEVA';'NM';'ENERGIA ELÉTRICA';'ITAÚ BBA';'FOLLOW-ON';'ICVM 476';4/4/2019;18.25;08/04/19;' - ';' 258 ';' - ';' 1.106.794.409 ';' 1.106.794.409 ';0%;67%;32%;1%;;;;;
;'CENTAURO';'NM';'PRODUTOS DIVERSOS';'BRADESCO BBI';'IPO';'ICVM 400';15/4/2019;12.50;17/04/19;' 3.368 ';' 3.582 ';' 705.101.363 ';' - ';' 705.101.363 ';10%;50%;40%;0%;;;;;
;'TOTVS';'NM';'PROGRAMAS E SERVIÇOS';'BTG PACTUAL';'FOLLOW-ON';'ICVM 476';22/5/2019;39.50;24/05/19;' - ';' 172 ';' 1.066.500.000 ';' - ';' 1.066.500.000 ';0%;55%;26%;20%;;;;;
;'BTGP BANCO';'N2';'BANCOS';'BTG PACTUAL';'FOLLOW-ON';'ICVM 476';11/6/2019;46.00;13/06/19;' - ';' 138 ';' - ';' 2.539.200.000 ';' 2.539.200.000 ';0%;67%;32%;0%;;;;;
;'CPFL ENERGIA';'NM';'ENERGIA ELÉTRICA';'ITAÚ BBA';'FOLLOW-ON';'ICVM 476';12/6/2019;27.50;13/06/19;' 27 ';' 572 ';' 3.694.341.585 ';' - ';' 3.694.341.585 ';0%;51%;49%;0%;;;;;
;'INTERMEDICA';'NM';'SERV.MÉD.HOSPIT..ANÁLISES E DIAGNÓSTICOS';'ITAÚ BBA';'FOLLOW-ON';'ICVM 476';18/6/2019;39.50;21/06/19;' - ';' 267 ';' - ';' 2.666.250.000 ';' 2.666.250.000 ';0%;60%;40%;0%;;;;;
;'LINX¹';'NM';'PROGRAMAS E SERVIÇOS';'GOLDMAN SACHS';'FOLLOW-ON';'ICVM 400';25/6/2019;36.00;26/06/19;' 664 ';' 761 ';' 831.600.000 ';' 348.285.636 ';' 1.179.885.636 ';7%;7%;86%;0%;;;;;
;'PETROBRAS¹';'N2';'EXPLORAÇÃO. REFINO E DISTRIBUIÇÃO';'CAIXA';'FOLLOW-ON';'ICVM 400';25/6/2019;30.25;27/06/19;' 13.251 ';' 13.694 ';' - ';' 7.300.546.223 ';' 7.300.546.223 ';21%;32%;46%;1%;;;;;
;'NEOENERGIA';'NM';'ENERGIA ELÉTRICA';'BB INVESTIMENTOS';'IPO';'ICVM 400';7/6/2019;15.65;28/06/19;' 21.595 ';' 22.695 ';' - ';' 3.744.278.776 ';' 3.744.278.776 ';16%;43%;39%;1%;;;;;
;'LIGHT S/A';'NM';'ENERGIA ELÉTRICA';'ITAÚ BBA';'FOLLOW-ON';'ICVM 476';11/6/2019;18.75;02/07/19;' 144 ';' 664 ';' 1.875.000.000 ';' 624.999.994 ';' 2.499.999.994 ';1%;52%;47%;0%;;;;;
;'TECNISA';'NM';'INCORPORAÇÕES';'BTG PACTUAL';'FOLLOW-ON';'ICVM 476';17/7/2019;1.10;19/07/19;' 2 ';' 381 ';' 445.500.000 ';' - ';' 445.500.000 ';2%;67%;16%;15%;;;;;
;'IRBBRASIL RE';'NM';'SEGURADORAS';'BB INVESTIMENTOS';'FOLLOW-ON';'ICVM 476';18/7/2019;88.00;22/07/19;' - ';' 520 ';' - ';' 7.390.103.600 ';' 7.390.103.600 ';0%;27%;73%;0%;;;;;
;'HAPVIDA';'NM';'SERV. MÉD. HOSPIT.. ANÁLISES E DIAGNÓSTICOS';'BTG PACTUAL';'FOLLOW-ON';'ICVM 476';24/7/2019;42.50;26/07/19;' - ';' 474 ';' 2.664.495.000 ';' - ';' 2.664.495.000 ';0%;36%;53%;11%;;;;;
;'MOVIDA';'NM';'ALUGUEL DE CARROS';'BTG PACTUAL';'FOLLOW-ON';'ICVM 476';25/7/2019;15.00;29/07/19;' - ';' 942 ';' 532.500.000 ';' 300.000.000 ';' 832.500.000 ';0%;49%;44%;7%;;;;;
;'BANCO INTER';'N2';'BANCOS';'BRADESCO BBI';'FOLLOW-ON';'ICVM 476';29/7/2019;13.33;31/07/19;' - ';' 3.632 ';' 1.247.688.000 ';' - ';' 1.247.688.000 ';0%;65%;3%;32%;;;;;
;'PETROBRAS BR';'NM';'EXPLORAÇÃO. REFINO E DISTRIBUIÇÃO';'JP MORGAN';'FOLLOW-ON';'ICVM 400';23/7/2019;24.50;25/07/19;' 7.348 ';' 8.282 ';' - ';' 9.633.093.750 ';' 9.633.093.750 ';10%;45%;45%;0%;;;;;
;'TRISUL';'NM';'INCORPORAÇÕES';'BTG PACTUAL';'FOLLOW-ON';'ICVM 476';12/9/2019;10.00;16/09/19;' - ';' 761 ';' 405.000.000 ';' - ';' 405.000.000 ';0%;82%;11%;7%;;;;;
;'BANCO PAN';'N1';'BANCOS';'BTG PACTUAL';'FOLLOW-ON';'ICVM 476';19/9/2019;8.25;23/09/19;' - ';' 671 ';' 521.812.500 ';' 521.812.500 ';' 1.043.625.000 ';0%;64%;33%;3%;;;;;
;'SINQIA';'NM';'PROGRAMAS E SERVIÇOS';'BTG PACTUAL';'FOLLOW-ON';'ICVM 476';17/9/2019;62.00;19/09/19;' - ';' 1.797 ';' 362.700.000 ';' - ';' 362.700.000 ';0%;82%;12%;6%;;;;;
;'OMEGA GER';'NM';'ENERGIA ELÉTRICA';'BOFA MERRILL LYNCH';'FOLLOW-ON';'ICVM 476';25/9/2019;30.00;27/09/19;' 148 ';' 358 ';' 830.769.240 ';' - ';' 830.769.240 ';0%;65%;35%;0%;;;;;
;'EZTEC';'NM';'INCORPORAÇÕES';'BTG PACTUAL';'FOLLOW-ON';'ICVM 476';24/9/2019;36.25;26/09/19;' - ';' 889 ';' 978.750.000 ';' - ';' 978.750.000 ';0%;67%;20%;13%;;;;;
;'HELBOR';'NM';'INCORPORAÇÕES';'BTG PACTUAL';'FOLLOW-ON';'ICVM 476';10/9/2019;2.65;14/10/19;' - ';' 581 ';' 560.057.625 ';' - ';' 560.057.625 ';0%;47%;15%;37%;;;;;
;'VIVARA S.A.';'NM';'ACESSÓRIOS';'ITAÚ BBA';'IPO';'ICVM 400';8/10/2019;24.00;10/10/19;' 26.986 ';' 27.872 ';' 453.471.888 ';' 1.787.377.536 ';' 2.240.849.424 ';13%;56%;30%;0%;;;;;
;'BRASIL';'NM';'BANCOS';'CAIXA';'FOLLOW-ON';'ICVM 400';17/10/2019;44.05;21/10/19;' 29.222 ';' 30.039 ';' - ';' 5.836.921.765 ';' 5.836.921.765 ';32%;37%;30%;1%;;;;;
;'LOG COM PROP';'NM';'EXPLORAÇÃO DE IMÓVEIS';'BTG PACTUAL';'FOLLOW-ON';'ICVM 476';22/10/2019;22.50;24/10/19;' - ';' 988 ';' 637.875.000 ';' - ';' 637.875.000 ';0%;38%;18%;44%;;;;;
;'CYRE COM-CCP';'NM';'EXPLORAÇÃO DE IMÓVEIS';'BRADESCO BBI';'FOLLOW-ON';'ICVM 400';28/10/2019;19.00;30/10/19;' 1.087 ';' 1.329 ';' 863.550.000 ';' - ';' 863.550.000 ';9%;57%;28%;6%;;;;;
;'LOPES BRASIL';'NM';'INTERMEDIAÇÃO IMOBILIÁRIA';'ITAÚ BBA';'FOLLOW-ON';'ICVM 476';29/10/2019;7.00;31/10/19;' 456 ';' 548 ';' 147.000.000 ';' - ';' 147.000.000 ';1%;73%;26%;0%;;;;;
;'BANCO BMG';'N1';'BANCOS';'XP INVESTIMENTOS';'IPO';'ICVM 400';24/10/2019;11.60;28/10/19;' 4.703 ';' 5.252 ';' 1.200.000.013 ';' 191.304.358 ';' 1.391.304.371 ';10%;61%;27%;1%;;;;;
;'CEA MODAS';'NM';'TECIDOS. VESTUÁRIO E CALÇADOS';'MORGAN STANLEY';'IPO';'ICVM 400';24/10/2019;16.50;28/10/19;' 4.247 ';' 4.724 ';' 813.698.622 ';' 941.070.009 ';' 1.754.768.631 ';10%;51%;39%;0%;;;;;
;'MAGAZ LUIZA';'NM';'ELETRODOMÉSTICOS';'ITAÚ BBA';'FOLLOW-ON';'ICVM 476';12/11/2019;43.00;14/11/19;' 2.870 ';' 3.803 ';' 4.300.000.000 ';' 430.000.000 ';' 4.730.000.000 ';0%;57%;42%;1%;;;;;
;'JHSF PART';'NM';'INCORPORAÇÕES';'BTG PACTUAL';'FOLLOW-ON';'ICVM 476';13/11/2019;4.75;18/11/19;' - ';' 1.619 ';' 513.000.000 ';' - ';' 513.000.000 ';0%;55%;39%;6%;;;;;
;'LOG-IN';'NM';'TRANSPORTE HIDROVIÁRIO';'GOLDMAN SACHS';'FOLLOW-ON';'ICVM 476';21/11/2019;14.50;25/11/19;' - ';' 421 ';' 633.650.000 ';' - ';' 633.650.000 ';0%;57%;35%;8%;;;;;
;'BR PROPERT';'NM';'EXPLORAÇÃO DE IMÓVEIS';'ITAÚ BBA';'FOLLOW-ON';'ICVM 476';21/11/2019;12.50;25/11/19;' 51 ';' 299 ';' 1.054.687.500 ';' - ';' 1.054.687.500 ';0%;53%;46%;0%;;;;;
;'LOJAS MARISA';'NM';'TECIDOS. VESTUÁRIO E CALÇADOS';'ITAÚ BBA';'FOLLOW-ON';'ICVM 476';4/12/2019;10.00;06/12/19;' 130 ';' 374 ';' 567.708.330 ';' - ';' 567.708.330 ';0%;67%;30%;3%;;;;;
;'ALIANSCSONAE';'NM';'EXPLORAÇÃO DE IMÓVEIS';'BANK OF AMERICA';'FOLLOW-ON';'ICVM 476';5/12/2019;43.00;09/12/19;' - ';' 443 ';' 1.190.769.244 ';' - ';' 1.190.769.244 ';0%;50%;36%;14%;;;;;
;'INTERMEDICA';'NM';'SERV.MÉD.HOSPIT..ANÁLISES E DIAGNÓSTICOS';'ITAÚ BBA';'FOLLOW-ON';'ICVM 476';11/12/2019;57.00;13/12/19;' 662 ';' 1.376 ';' 3.705.000.000 ';' 1.296.750.000 ';' 5.001.750.000 ';0%;44%;55%;0%;;;;;
;'LOCAMERICA';'NM';'ALUGUEL DE CARROS';'ITAÚ BBA';'FOLLOW-ON';'ICVM 476';17/12/2019;19.50;19/12/19;' 593 ';' 1.061 ';' 1.189.500.000 ';' 639.771.249 ';' 1.829.271.249 ';0%;48%;51%;1%;;;;;
;'MARFRIG';'NM';'CARNES E DERIVADOS';'SANTANDER';'FOLLOW-ON';'ICVM 476';17/12/2019;10.00;19/12/19;' 614 ';' 681 ';' 900.900.910 ';' 2.096.484.270 ';' 2.997.385.180 ';14%;40%;46%;0%;;;;;
;'LE LIS BLANC';'NM';'TECIDOS. VESTUÁRIO E CALÇADOS';'SANTANDER';'FOLLOW-ON';'ICVM 476';18/12/2019;15.00;20/12/19;' 121 ';' 141 ';' 258.750.000 ';' - ';' 258.750.000 ';30%;70%;0%;0%;;;;;
;'MINERVA';'NM';'CARNES E DERIVADOS';'BTG PACTUAL';'FOLLOW-ON';'ICVM 476';23/1/2020;13.00;27/01/20;' - ';' 1.226 ';' 1.040.000.000 ';' 195.000.000 ';' 1.235.000.000 ';0%;48%;43%;10%;;;;;
;'ANIMA';'NM';'SERVIÇOS EDUCACIONAIS';'XP INVESTIMENTOS';'FOLLOW-ON';'ICVM 476';29/1/2020;36.25;31/01/20;' 96 ';' 332 ';' 1.100.213.600 ';' - ';' 1.100.213.600 ';13%;57%;30%;0%;;;;;
;'POSITIVO TEC';'NM';'COMPUTADORES E EQUIPAMENTOS';'BTG PACTUAL';'FOLLOW-ON';'ICVM 476';30/1/2020;6.55;03/02/20;' - ';' 321 ';' 353.700.000 ';' - ';' 353.700.000 ';0%;82%;14%;4%;;;;;
;'MITRE REALTY';'NM';'INCORPORAÇÕES';'ITAÚ BBA';'IPO';'ICVM 400';3/2/2020;19.30;05/02/20;' 7.300 ';' 7.748 ';' 958.724.026 ';' 94.003.236 ';' 1.052.727.262 ';10%;43%;45%;2%;;;;;
;'LOCAWEB';'NM';'PROGRAMAS E SERVIÇOS';'ITAÚ BBA';'IPO';'ICVM 400';4/2/2020;17.25;06/02/20;' 3.180 ';' 3.704 ';' 574.999.994 ';' 750.144.989 ';' 1.325.144.983 ';10%;33%;55%;2%;;;;;
;'PETROBRAS';'N2';'EXPLORAÇÃO. REFINO E DISTRIBUIÇÃO';'CREDIT SUISSE';'FOLLOW-ON';'ICVM 400';5/2/2020;30.00;07/02/20;' 53.097 ';' 55.292 ';' - ';' 22.026.080.970 ';' 22.026.080.970 ';17%;44%;39%;1%;;;;;
;'COGNA ON';'NM';'SERVIÇOS EDUCACIONAIS';'ITAÚ BBA';'FOLLOW-ON';'ICVM 476';11/2/2020;11.00;13/02/20;' 1 ';' 2.042 ';' 2.555.938.044 ';' - ';' 2.555.938.044 ';0%;30%;45%;25%;;;;;
;'MOURA DUBEUX';'NM';'INCORPORAÇÕES';'ITAÚ BBA';'IPO';'ICVM 400';11/2/2020;19.00;13/02/20;' 4.678 ';' 4.948 ';' 1.104.867.005 ';' - ';' 1.104.867.005 ';10%;59%;31%;0%;;;;;
;'PRINER';'NM';'SERVIÇOS DIVERSOS';'XP INVESTIMENTOS';'IPO';'ICVM 400';13/2/2020;10.00;17/02/20;' 9.671 ';' 9.909 ';' 173.913.040 ';' 26.086.950 ';' 199.999.990 ';38%;57%;3%;3%;;;;;
;'ESTAPAR';'NM';'SERVIÇOS DIVERSOS';'BTG PACTUAL';'IPO';'ICVM 400';13/5/2020;10.50;15/05/20;' 1.104 ';' 1.178 ';' 300.300.000 ';' - ';' 300.300.000 ';10%;44%;6%;40%;;;;;
;'CENTAURO';'NM';'PRODUTOS DIVERSOS';'BRADESCO BBI';'FOLLOW-ON';'ICVM 476';26/5/2020;30.00;08/06/20;' 344 ';' 770 ';' 900.000.000 ';' - ';' 900.000.000 ';0%;68%;32%;1%;;;;;
;'VIAVAREJO';'NM';'ELETRODOMÉSTICOS';'BRADESCO BBI';'FOLLOW-ON';'ICVM 476';15/6/2020;15.00;17/06/20;' - ';' 14.556 ';' 4.455.000.000 ';' - ';' 4.455.000.000 ';0%;41%;28%;31%;;;;;
;'BTGP BANCO';'N2';'BANCOS';'BTG PACTUAL';'FOLLOW-ON';'ICVM 476';29/6/2020;24.80;01/07/20;' - ';' 2.556 ';' 2.650.500.000 ';' - ';' 2.650.500.000 ';0%;48%;12%;40%;;;;;
;'AURA 360';'BDR';'MINERAIS METÁLICOS';'CREDIT SUISSE';'IPO';'ICVM 476';2/7/2020;820.00;06/07/20;' - ';' 120 ';' 301.753.440 ';' 560.739.780 ';' 862.493.220 ';0%;81%;18%;0%;;;;;
;'JHSF PART';'NM';'INCORPORAÇÕES';'BTG PACTUAL';'FOLLOW-ON';'ICVM 476';15/7/2020;9.75;17/07/20;' - ';' 2.687 ';' 399.750.000 ';' 33.422.513 ';' 433.172.513 ';0%;84%;11%;5%;;;;;
;'LOJAS AMERIC 4 ';'N1';'PRODUTOS DIVERSOS';'BTG PACTUAL';'FOLLOW-ON';'ICVM 476';14/7/2020;32.40;16/07/20;' - ';' 2.073 ';' 7.873.740.000 ';' - ';' 7.873.740.000 ';0%;35%;18%;46%;;;;;
;'AMBIPAR';'NM';'ÁGUA E SANEAMENTO';'BRADESCO BBI';'IPO';'ICVM 400';9/7/2020;24.75;13/07/20;' 5.287 ';' 5.798 ';' 1.082.400.017 ';' - ';' 1.082.400.017 ';10%;60%;30%;0%;;;;;
;'IMC S/A';'NM';'RESTAURANTE E SIMILARES';'BTG PACTUAL';'FOLLOW-ON';'ICVM 476';21/7/2020;4.25;23/07/20;' - ';' 1.766 ';' 384.412.500 ';' - ';' 384.412.500 ';0%;71%;9%;19%;;;;;
;'IRANI';'BÁSICO';'PAPEL E CELULOSE';'BTG PACTUAL';'FOLLOW-ON';'ICVM 476';22/7/2020;4.50;24/07/20;' - ';' 105 ';' 405.000.000 ';' - ';' 405.000.000 ';0%;76%;23%;0%;;;;;
;'DIMED';'BÁSICO';'MEDICAMENTOS E OUTROS PRODUTOS';'BRADESCO BBI';'FOLLOW-ON';'ICVM 476';22/7/2020;30.00;24/07/20;' - ';' 809 ';' 480.000.000 ';' 556.713.360 ';' 1.036.713.360 ';0%;56%;41%;3%;;;;;
;'GRUPO SOMA';'NM';'TECIDOS. VESTUÁRIO E CALÇADOS';'ITAÚ BBA';'IPO';'ICVM 400';29/7/2020;9.90;31/07/20;' 6.726 ';' 7.229 ';' 1.349.999.996 ';' 472.499.993 ';' 1.822.499.989 ';13%;72%;15%;0%;;;;;
;'D1000VFARMA';'NM';'MEDICAMENTOS E OUTROS PRODUTOS';'XP INVESTIMENTOS';'IPO';'ICVM 400';6/8/2020;17.00;10/08/20;' 6.213 ';' 6.526 ';' 400.115.485 ';' - ';' 400.115.485 ';32%;59%;7%;2%;;;;;
;'QUERO-QUERO';'NM';'PRODUTOS DIVERSOS';'BTG PACTUAL';'IPO';'ICVM 400';6/8/2020;12.65;10/08/20;' 10.049 ';' 10.844 ';' 279.867.259 ';' 1.951.899.023 ';' 2.231.766.282 ';10%;55%;35%;0%;;;;;
;'RUMO S.A.';'NM';'TRANSPORTE FERROVIÁRIO';'BRADESCO BBI';'FOLLOW-ON';'ICVM 476';24/8/2020;21.75;26/08/20;' - ';' 2.532 ';' 6.400.000.010 ';' - ';' 6.400.000.010 ';0%;18%;17%;65%;;;;;
;'BANCO INTER';'N2';'BANCOS';'BRADESCO BBI';'FOLLOW-ON';'ICVM 476';3/9/2020;20.83;08/09/20;' - ';' 802 ';' 1.166.248.787 ';' - ';' 1.166.248.787 ';0%;44%;23%;33%;;;;;
;'OMEGA GER';'NM';'ENERGIA ELÉTRICA';'ITAÚ BBA';'FOLLOW-ON';'ICVM 476';1/9/2020;38.25;03/09/20;' 141 ';' 382 ';' 896.963.533 ';' - ';' 896.963.533 ';0%;61%;38%;1%;;;;;
;'LAVVI';'NM';'INCORPORAÇÕES';'BTG PACTUAL';'IPO';'ICVM 400';31/8/2020;9.50;02/09/20;' 1.392 ';' 1.633 ';' 1.027.064.000 ';' - ';' 1.027.064.000 ';15%;71%;13%;0%;;;;;
;'PAGUE MENOS';'NM';'MEDICAMENTOS E OUTROS PRODUTOS';'ITAÚ BBA';'IPO';'ICVM 400';31/8/2020;8.50;02/09/20;' 10.193 ';' 10.569 ';' 858.963.097 ';' - ';' 858.963.097 ';10%;29%;48%;14%;;;;;
;'BANCO PAN';'N1';'BANCOS';'BTG PACTUAL';'FOLLOW-ON';'ICVM 476';27/8/2020;8.30;31/08/20;' - ';' 46 ';' - ';' 743.677.220 ';' 743.677.220 ';0%;29%;25%;47%;;;;;
;'PETZ';'NM';'PRODUTOS DIVERSOS';'ITAÚ BBA';'IPO';'ICVM 400';9/11/2020;13.75;11/09/20;' 37.928 ';' 39.168 ';' 336.734.695 ';' 2.693.877.533 ';' 3.030.612.228 ';13%;59%;28%;1%;;;;;
;'PLANOEPLANO';'NM';'INCORPORAÇÕES';'ITAÚ BBA';'IPO';'ICVM 400';15/9/2020;9.40;17/09/20;' 613 ';' 708 ';' 40.006.400 ';' 593.415.420 ';' 633.421.820 ';6%;80%;13%;0%;;;;;
;'JSL';'NM';'TRANSPORTE RODOVIÁRIO';'XP INVESTIMENTOS';'FOLLOW-ON';'ICVM 476';8/9/2020;9.60;10/09/20;' 1.819 ';' 2.144 ';' 763.020.845 ';' - ';' 763.020.845 ';1%;39%;48%;11%;;;;;
;'SANTOS BRP';'NM';'SERVIÇOS DE APOIO E ARMAZENAGEM';'BTG PACTUAL';'FOLLOW-ON';'ICVM 476';24/9/2020;4.10;28/09/20;' - ';' 2.244 ';' 789.988.000 ';' - ';' 789.988.000 ';0%;81%;9%;9%;;;;;
;'MELNICK';'NM';'INCORPORAÇÕES';'BTG PACTUAL';'IPO';'ICVM 400';24/9/2020;8.50;28/09/20;' 2.034 ';' 2.237 ';' 620.500.000 ';' 27.324.950 ';' 647.824.950 ';10%;59%;30%;1%;;;;;
;'HIDROVIAS';'NM';'TRANSPORTE HIDROVIÁRIO';'BANK OF AMERICA';'IPO';'ICVM 400';23/9/2020;7.56;25/09/20;' 2.999 ';' 3.359 ';' - ';' 3.019.664.869 ';' 3.019.664.869 ';12%;52%;36%;0%;;;;;
;'CURY S/A';'NM';'INCORPORAÇÕES';'BTG PACTUAL';'IPO';'ICVM 400';17/9/2020;9.35;21/09/20;' 1.140 ';' 1.377 ';' 169.999.998 ';' 807.499.997 ';' 977.499.995 ';10%;79%;11%;0%;;;;;
;'BOA VISTA';'NM';'SERVIÇOS FINANCEIROS DIVERSOS';'J.P. MORGAN';'IPO';'ICVM 400';28/9/2020;12.20;30/09/20;' 1.510 ';' 1.898 ';' 1.299.676.492 ';' 870.065.582 ';' 2.169.742.074 ';10%;28%;62%;0%;;;;;
;'SUZANO';'NM';'PAPEL E CELULOSE';'J.P. MORGAN';'FOLLOW-ON';'ICVM 400';1/10/2020;46.00;05/10/20;' 1.355 ';' 1.946 ';' - ';' 6.910.001.550 ';' 6.910.001.550 ';5%;43%;52%;1%;;;;;
;'SEQUOIA LOG';'NM';'SERVIÇOS DIVERSOS';'BTG PACTUAL';'IPO';'ICVM 400';5/10/2020;12.40;07/10/20;' 572 ';' 705 ';' 348.070.170 ';' 557.787.687 ';' 905.857.857 ';4%;27%;69%;0%;;;;;
;'GRUPO MATEUS';'NM';'ALIMENTOS';'XP INVESTIMENTOS';'IPO';'ICVM 400';8/10/2020;8.97;13/10/20;' 16.162 ';' 17.115 ';' 3.099.286.441 ';' 1.062.364.462 ';' 4.161.650.902 ';10%;61%;27%;1%;;;;;
;'GRUPO NATURA';'NM';'PRODUTOS DE USO PESSOAL';'MORGAN STANLEY';'FOLLOW-ON';'ICVM 476';8/10/2020;46.25;13/10/20;' - ';' 1.635 ';' 5.614.750.000 ';' - ';' 5.614.750.000 ';0%;37%;10%;32%;;;;;
;'TRACK FIELD';'N2';'VESTUÁRIO';'BTG PACTUAL';'IPO';'ICVM 400';22/10/2020;9.25;26/10/20;' 1.267 ';' 1.422 ';' 182.391.500 ';' 309.825.050 ';' 492.216.550 ';7%;68%;24%;1%;;;;;
;'MELIUZ';'NM';'PROGRAMAS E SERVIÇOS';'ITAÚ BBA';'IPO';'ICVM 400';3/11/2020;10.00;04/11/20;' 1.066 ';' 1.256 ';' 334.677.510 ';' 294.718.120 ';' 629.395.630 ';10%;63%;26%;1%;;;;;
;'ENJOEI';'NM';'PROGRAMAS E SERVIÇOS';'BTG PACTUAL';'IPO';'ICVM 400';5/11/2020;10.25;06/11/20;' 1.221 ';' 1.447 ';' 470.833.750 ';' 515.883.761 ';' 986.717.511 ';11%;71%;18%;0%;;;;;
;'AURA 360';'BDR';'MINERAIS METÁLICOS';'XP INVESTIMENTOS';'FOLLOW-ON';'ICVM 400';6/11/2020;48.50;09/11/20;' 543 ';' 580 ';' - ';' 87.300.000 ';' 87.300.000 ';14%;77%;0%;9%;;;;;
;'AERIS';'NM';'MÁQ. E EQUIP. INDUSTRIAIS';'BTG PACTUAL';'IPO';'ICVM 400';9/11/2020;5.55;10/11/20;' 1.161 ';' 1.330 ';' 834.634.608 ';' 294.576.884 ';' 1.129.211.492 ';3%;30%;66%;0%;;;;;
;'3R PETROLEUM';'NM';'EXPLORAÇÃO. REFINO E DISTRIBUIÇÃO';'XP INVESTIMENTOS';'IPO';'ICVM 400';9/11/2020;21.00;10/11/20;' 1.412 ';' 1.516 ';' 690.000.003 ';' - ';' 690.000.003 ';8%;57%;17%;18%;;;;;
;'BK BRASIL';'NM';'RESTAURANTE E SIMILARES';'ITAÚ BBA';'FOLLOW-ON';'ICVM 476';17/11/2020;10.80;19/11/20;' 324 ';' 505 ';' 510.300.000 ';' - ';' 510.300.000 ';0%;42%;51%;7%;;;;;
;'ANIMA';'NM';'SERVIÇOS EDUCACIONAIS';'BRADESCO BBI';'FOLLOW-ON';'ICVM 476';3/12/2020;34.00;07/12/20;' - ';' 297 ';' 918.000.000 ';' - ';' 918.000.000 ';0%;45%;12%;43%;;;;;
;'INTERMEDICA';'NM';'SERV.MÉD.HOSPIT..ANÁLISES E DIAGNÓSTICOS';'ITAÚ  BBA';'FOLLOW-ON';'ICVM 476';1/12/2020;69.50;03/12/20;' - ';' 436 ';' - ';' 3.753.000.000 ';' 3.753.000.000 ';0%;47%;53%;0%;;;;;
;'ALPHAVILLE';'NM';'INCORPORAÇÕES';'BRADESCO BB';'IPO';'ICVM 476';9/12/2020;29.50;07/12/20;' 6 ';' 39 ';' 305.992.585 ';' - ';' 305.992.585 ';2%;81%;4%;13%;;;;;
;'REDE D OR';'NM';'SERV.MÉD.HOSPIT..ANÁLISES E DIAGNÓSTICOS';'BANK OF AMERICA';'IPO';'ICVM 400';9/12/2020;57.92;10/12/20;' 41.258 ';' 43.237 ';' 8.437.640.047 ';' 2.953.173.990 ';' 11.390.814.037 ';11%;42%;47%;1%;;;;;
;'NEOGRID';'NM';' PROGRAMAS E SERVIÇOS';'CREDIT SUISSE';'IPO';'ICVM 400';15/12/2020;4.50;18/12/20;' 2.747 ';' 2.964 ';' 337.500.000 ';' 148.950.000 ';' 486.450.000 ';18%;55%;27%;1%;;;;;
;'LIGHT S/A';'NM';'ENERGIA ELÉTRICA';'ITAÚ BBA';'FOLLOW-ON';'ICVM 476';19/1/2021;20.00;21/01/21;' 278 ';' 663 ';' 1.372.425.280 ';' 1.372.425.280 ';' 2.744.850.560 ';0%;66%;34%;0%;;;;;
;'HBRREALTY';'NM';'EXPLORAÇÃO DE IMÓVEIS';'BRADESCO BBI';'IPO';'ICVM 476';21/1/2021;19.10;21/01/21;' - ';' 31 ';' 802.582.000 ';' - ';' 802.582.000 ';0%;59%;9%;33%;;;;;
;'VAMOS';'NM';'ALUGUEL DE CARROS';'BTG PACTUAL';'IPO';'ICVM 476';27/1/2021;26.00;29/01/21;' - ';' 60 ';' 889.598.528 ';' 415.145.952 ';' 1.304.744.480 ';0%;43%;57%;0%;;;;;
;'OMEGA GER';'NM';'ENERGIA ELÉTRICA';'ITAÚ BBA';'FOLLOW-ON';'ICVM 476';28/1/2021;39.00;02/02/21;' - ';' 191 ';' - ';' 954.719.922 ';' 954.719.922 ';0%;67%;31%;1%;;;;;
;'BTGP BANCO';'N2';'BANCOS';'BTG PACTUAL';'FOLLOW-ON';'ICVM 476';21/1/2021;30.84;26/02/21;' - ';' 1.674 ';' 2.570.000.021 ';' - ';' 2.570.000.021 ';0%;45%;16%;38%;;;;;
;'PETRORIO';'NM';'EXPLORAÇÃO. REFINO E DISTRIBUIÇÃO';'BTG PACTUAL';'FOLLOW-ON';'ICVM 476';28/1/2021;69.00;01/02/21;' - ';' 1.499 ';' 2.049.300.000 ';' - ';' 2.049.300.000 ';0%;56%;15%;29%;;;;;
;'BRASILAGRO';'NM';'AGRICULTURA';'BTG PACTUAL';'FOLLOW-ON';'ICVM 476';3/2/2021;22.00;05/02/21;' - ';' 550 ';' 440.000.000 ';' 60.177.810 ';' 500.177.810 ';0%;37%;48%;14%;;;;;
;'LOCAWEB';'NM';'PROGRAMAS E SERVIÇOS';'ITAÚ BBA';'FOLLOW-ON';'ICVM 476';9/2/2021;30.00;11/02/21;' 1.530 ';' 2.638 ';' 2.346.000.000 ';' 408.000.000 ';' 2.754.000.000 ';1%;38%;61%;0%;;;;;
;'ESPACOLASER';'NM';'PRODUTOS DIVERSOS';'ITAÚ BBA';'IPO';'ICVM 400';28/1/2021;17.90;01/02/21;' 7.135 ';' 7.837 ';' 1.199.999.997 ';' 1.441.623.255 ';' 2.641.623.252 ';10%;62%;27%;1%;;;;;
;'INTELBRAS';'NM';'COMPUTADORES E EQUIPAMENTOS';'BTG PACTUAL';'IPO';'ICVM 400';2/2/2021;15.75;04/02/21;' 16.772 ';' 17.280 ';' 724.500.000 ';' 579.600.000 ';' 1.304.100.000 ';12%;77%;12%;0%;;;;;
;'MOSAICO';'NM';'PROGRAMAS E SERVIÇOS';'BTG PACTUAL';'IPO';'ICVM 400';3/2/2021;19.80;05/02/21;' 31.017 ';' 32.377 ';' 578.571.444 ';' 636.428.668 ';' 1.215.000.112 ';11%;72%;15%;1%;;;;;
;'MOBLY';'NM';'PROGRAMAS E SERVIÇOS';'MORGAN STANLEY';'IPO';'ICVM 400';3/2/2021;21.00;05/02/21;' 3.249 ';' 3.591 ';' 777.777.798 ';' 155.555.547 ';' 933.333.345 ';10%;38%;44%;9%;;;;;
;'JALLESMACHADO';'NM';'AÇUCAR E ALCOOL';'XP INVESTIMENTOS';'IPO';'ICVM 400';4/2/2021;8.30;08/02/21;' 3.985 ';' 4.465 ';' 552.760.005 ';' 138.189.995 ';' 690.950.000 ';9%;60%;29%;2%;;;;;
;'FOCUS ON';'NM';'ENERGIA ELÉTRICA';'MORGAN STANLEY';'IPO';'ICVM 400';21/1/2021;18.02;08/02/21;' 1.776 ';' 2.019 ';' 764.999.997 ';' 7.649.995 ';' 772.649.991 ';11%;42%;47%;0%;;;;;
;'CRUZEIRO SUL';'NM';'SERVIÇOS EDUCACIONAIS';'BTG PACTUAL';'IPO';'ICVM 400';9/2/2021;14.00;11/02/21;' 2.517 ';' 2.763 ';' 1.071.000.000 ';' 160.650.000 ';' 1.231.650.000 ';9%;51%;29%;0%;;;;;
;'OCEANPACT';'NM';'EQUIPAMENTOS E SERVIÇOS';'ITAÚ BBA';'IPO';'ICVM 400';10/2/2021;11.15;12/02/21;' 2.831 ';' 3.114 ';' 800.000.001 ';' 270.000.004 ';' 1.070.000.005 ';11%;76%;12%;0%;;;;;
;'ORIZON';'NM';'ÁGUA E SANEAMENTO';'CREDIT SUISSE';'IPO';'ICVM 400';11/2/2021;22.00;17/02/21;' 4.867 ';' 5.233 ';' 381.399.040 ';' 105.465.778 ';' 486.864.818 ';17%;52%;28%;2%;;;;;
;'ELETROMIDIA';'NM';'PUBLICIDADE E PROPAGANDA';'MORGAN STANLEY';'IPO';'ICVM 400';11/2/2021;17.81;17/02/21;' 2.769 ';' 3.019 ';' 700.000.001 ';' 57.944.301 ';' 757.944.302 ';9%;50%;40%;0%;;;;;
;'BEMOBI TECH';'NM';'PROGRAMAS E SERVIÇOS';'BTG PACTUAL';'IPO';'ICVM 400';8/2/2021;22.00;10/02/21;' 12.697 ';' 13.620 ';' 1.094.117.684 ';' 164.117.646 ';' 1.258.235.330 ';11%;76%;13%;0%;;;;;
;'CSNMINERACAO';'N2';'MINERAIS METÁLICOS';'MORGAN STANLEY';'IPO';'ICVM 400';12/2/2021;8.50;18/02/21;' 66.255 ';' 67.524 ';' 1.796.903.409 ';' 3.168.372.816 ';' 4.965.276.224 ';20%;29%;50%;1%;;;;;
;'WESTWING';'NM';'PROGRAMAS E SERVIÇOS';'BTG PACTUAL';'IPO';'ICVM 400';8/2/2021;13.00;10/02/21;' 8.368 ';' 9.130 ';' 430.294.306 ';' 602.412.018 ';' 1.032.706.324 ';12%;77%;11%;0%;;;;;
;'3R PETROLEUM';'NM';'EXPLORAÇÃO. REFINO E DISTRIBUIÇÃO';'BTG PACTUAL';'FOLLOW-ON';'ICVM 476';30/3/2021;36.00;01/04/21;' - ';' 1.184 ';' 822.798.000 ';' - ';' 822.798.000 ';0%;62%;23%;14%;;;;;
;'DASA';'BÁSICO';'SERV. MÉD. HOSPIT.. ANÁLISES E DIAGNÓSTICOS';'BRADESCO BBI';'FOLLOW-ON';'ICVM 476';7/4/2021;58.00;08/04/21;' 35 ';' 287 ';' 3.666.272.974 ';' 120.734.888 ';' 3.787.007.862 ';0%;21%;53%;26%;;;;;
;'ALLIED';'NM';'ELETRODOMÉSTICOS';'BTG PACTUAL';'IPO';'ICVM 476';8/4/2021;18.00;12/04/21;' 2 ';' 38 ';' 180.000.000 ';' 90.000.000 ';' 270.000.000 ';1%;70%;15%;0%;;;;;
;'MATER DEI';'NM';'SERV.MÉD.HOSPIT..ANÁLISES E DIAGNÓSTICOS';'BTG PACTUAL';'IPO';'ICVM 400';14/4/2021;17.44;16/04/21;' 2.765 ';' 3.069 ';' 1.194.727.566 ';' 218.399.986 ';' 1.413.127.553 ';9%;71%;19%;1%;;;;;
;'BLAU';'NM';'MEDICAMENTOS E OUTROS PRODUTOS';'ITAÚ BBA';'IPO';'ICVM 400';8/4/2021;40.14;19/04/21;' 1.765 ';' 2.017 ';' 1.260.152.711 ';' - ';' 1.260.152.711 ';5%;46%;49%;0%;;;;;
;'GPS';'NM';'SERVIÇOS DIVERSOS';'ITAÚ BBA';'IPO';'ICVM 400';22/4/2021;12.00;26/04/21;' 1.669 ';' 1.994 ';' 1.082.251.080 ';' 1.406.926.404 ';' 2.489.177.484 ';4%;71%;25%;0%;;;;;
;'BOA SAFRA';'NM';'AGRICULTURA';'XP INVESTIMENTOS';'IPO';'ICVM 400';27/4/2021;9.90;29/04/21;' 15.557 ';' 16.158 ';' 459.999.995 ';' - ';' 459.999.995 ';14%;70%;15%;1%;;;;;
;'CAIXA SEGURI²';'NM';'SEGURADORAS';'MORGAN STANLEY';'IPO';'ICVM 400';27/4/2021;9.67;29/04/21;' - ';' - ';' - ';' 4.351.500.000 ';' 4.351.500.000 ';0%;0%;0%;0%;;;;;
;'MODALMAIS';'N2';'BANCOS';'CREDIT SUISSE';'IPO';'ICVM 400';28/4/2021;20.01;30/04/21;' 4.310 ';' 4.770 ';' 2.477.788.275 ';' 715.357.500 ';' 3.193.145.775 ';7%;16%;12%;0%;;;;;
;'SEQUOIA LOG';'NM';'SERVIÇOS DIVERSOS';'BTG PACTUAL';'FOLLOW-ON';'ICVM 476';15/4/2021;25.00;19/04/21;' - ';' 290 ';' 207.182.325 ';' 918.282.900 ';' 1.125.465.225 ';0%;38%;35%;6%;;;;;
;'ALUPAR';'N2';'ENERGIA ELÉTRICA';'ITAÚ BBA';'FOLLOW-ON';'ICVM 476';20/4/2021;25.50;23/04/21;' - ';' 155 ';' - ';' 896.650.227 ';' 896.650.227 ';0%;80%;20%;0%;;;;;
;'HAPVIDA';'NM';'SERV. MÉD. HOSPIT.. ANÁLISES E DIAGNÓSTICOS';'BTG  PACTUAL';'FOLLOW-ON';'ICVM 476';20/4/2021;15.00;23/04/21;' - ';' 1.058 ';' 2.025.000.000 ';' 675.000.000 ';' 2.700.000.000 ';0%;61%;30%;10%;;;;;
;'LOJAS RENNER';'NM';'TECIDOS. VESTUÁRIO E CALÇADOS';'ITAÚ BBA';'FOLLOW-ON';'ICVM 476';29/4/2021;39.00;03/05/21;' 2.205 ';' 3.160 ';' 3.978.000.000 ';' - ';' 3.978.000.000 ';0%;50%;50%;0%;;;;;
;'INFRACOMM';'NM';'PROGRAMAS E SERVIÇOS';'ITAÚ BBA';'IPO';'ICVM 476';30/4/2021;16.00;04/05/21;' 1 ';' 137 ';' 902.388.000 ';' - ';' 902.388.000 ';0%;71%;40%;0%;;;;;
;'PETRORECSA';'NM';'EXPLORAÇÃO. REFINO E DISTRIBUIÇÃO';'ITAÚ BBA';'IPO';'ICVM 400';3/5/2021;14.75;05/05/21;' 2.596 ';' 2.926 ';' 1.187.375.000 ';' - ';' 1.187.375.000 ';10%;79%;11%;0%;;;;;
;'GETNINJAS';'NM';'PROGRAMAS E SERVIÇOS';'BTG PACTUAL';'IPO';'ICVM 400';18/5/2021;20.00;13/05/21;' 1.205 ';' 1.343 ';' 321.285.160 ';' 160.754.620 ';' 482.039.780 ';7%;79%;13%;0%;;;;;
;'G2D INVEST';'BDR';'GESTÃO DE RECURSOS E INVESTIMENTOS';'BTG PACTUAL';'IPO';'ICVM 400';13/5/2021;7.16;14/05/21;' 5.124 ';' 5.387 ';' 281.062.399 ';' - ';' 281.062.399 ';60%;2%;13%;25%;;;;;
;'REDE D OR';'NM';'SERV.MÉD.HOSPIT..ANÁLISES E DIAGNÓSTICOS';'BOFA MERRILL LYNCH';'FOLLOW-ON';'ICVM 476';26/5/2021;71.00;28/05/21;' - ';' 2.362 ';' 1.777.840.000 ';' 3.111.220.000 ';' 4.889.060.000 ';0%;50%;48%;3%;;;;;
;'DOTZ';'NM';'PROGRAMAS DE FIDELIZAÇÃO';'BTG PACTUAL';'IPO';'ICVM 476';27/5/2021;13.20;31/05/21;' - ';' 24 ';' 390.720.000 ';' - ';' 390.720.000 ';0%;45%;52%;7%;;;;;
;'ECORODOVIAS';'NM';'EXPLORAÇÃO DE RODOVIAS';'BTG PACTUAL';'FOLLOW-ON';'ICVM 476';22/6/2021;12.50;24/06/21;' - ';' 7 ';' 1.720.439.300 ';' 250.000.000 ';' 1.970.439.300 ';0%;13%;0%;0%;;;;;
;'BTGP BANCO';'N2';'BANCOS';'BTG PACTUAL. BRADESCO BBI';'FOLLOW-ON';'ICVM 476';8/6/2021;40.67;10/06/21;' - ';' 2.059 ';' 2.977.288.020 ';' - ';' 2.977.288.020 ';0%;50%;21%;37%;;;;;
;'BANCO INTER';'N2';'BANCOS';'BRADESCO BBI';'FOLLOW-ON';'ICVM 476';24/6/2021;19.28;28/06/21;' 18.015 ';' 20.757 ';' 5.499.999.970 ';' - ';' 5.499.999.970 ';2%;25%;74%;0%;;;;;
;'BR PARTNERS';'N2';'BANCOS';'BTG PACTUAL';'IPO';'ICVM 476';17/6/2021;16.00;21/06/21;' - ';' 84 ';' 1.092.000.000 ';' - ';' 1.092.000.000 ';0%;34%;3%;0%;;;;;
;'GRUPO SOMA';'NM';'TECIDOS. VESTUÁRIO E CALÇADOS';'ITAÚ BBA';'FOLLOW-ON';'ICVM 476';20/7/2021;19.20;22/07/21;' 289 ';' 599 ';' 883.435.584 ';' - ';' 883.435.584 ';0%;90%;10%;0%;;;;;
;'MAGAZ LUIZA';'NM';'ELETRODOMÉSTICOS';'ITAÚ BBA';'FOLLOW-ON';'ICVM 476';22/7/2021;22.75;26/07/21;' 2.827 ';' 3.979 ';' 3.981.250.000 ';' - ';' 3.981.250.000 ';0%;31%;69%;0%;;;;;
;'MELIUZ';'NM';'PROGRAMAS E SERVIÇOS';'BTG PACTUAL';'FOLLOW-ON';'ICVM 476';15/7/2021;57.00;19/07/21;' 1 ';' 1.499 ';' 427.500.000 ';' 727.660.119 ';' 1.155.160.119 ';0%;55%;20%;11%;;;;;
;'3TENTOS';'NM';'AGRICULTURA';'BTG PACTUAL';'IPO';'ICVM 476';7/7/2021;12.25;12/07/21;' 20 ';' 81 ';' 1.152.941.176 ';' 192.156.869 ';' 1.345.098.045 ';1%;99%;16%;0%;;;;;
;'WDC NETWORKS';'NM';'PROGRAMAS E SERVIÇOS';'BTG PACTUAL';'IPO';'ICVM 476';22/7/2021;23.20;26/07/21;' - ';' 35 ';' 450.080.000 ';' - ';' 450.080.000 ';0%;95%;6%;0%;;;;;
;'SMART FIT';'NM';'ATIVIDADES ESPORTIVAS';'ITAÚ BBA';'IPO';'ICVM 400';12/7/2021;23.00;14/07/21;' 16.164 ';' 17.305 ';' 2.645.000.000 ';' - ';' 2.645.000.000 ';9%;41%;31%;19%;;;;;
;'MULTILASER';'NM';'COMPUTADORES E EQUIPAMENTOS';'ITÁU BBA';'IPO';'ICVM 400';20/7/2021;11.10;22/07/21;' 18.708 ';' 19.331 ';' 1.912.676.942 ';' - ';' 1.912.676.942 ';12%;75%;28%;1%;;;;;
;'DESKTOP';'NM';'COMPUTADORES E EQUIPAMENTOS';'ITAÚ BBA';'IPO';'ICVM 400';19/7/2021;23.50;21/07/21;' 8.393 ';' 8.845 ';' 715.222.500 ';' - ';' 715.222.500 ';14%;109%;13%;0%;;;;;
;'CBA';'NM';'MINERAIS METÁLICOS';'BOFA MERRILL LYNCH';'IPO';'ICVM 400';13/7/2021;11.20;15/07/21;' 7.782 ';' 8.191 ';' 700.000.000 ';' 910.000.000 ';' 1.610.000.000 ';11%;58%;29%;16%;;;;;
;'PETROBRAS BR';'NM';'EXPLORAÇÃO. REFINO E DISTRIBUIÇÃO';'MORGAN STANLEY';'FOLLOW-ON';'ICVM 400';1/7/2021;26.00;02/07/21;' 4.859 ';' 5.795 ';' - ';' 11.358.750.000 ';' 11.358.750.000 ';6%;59%;34%;0%;;;;;
;'AGROGALAXY';'NM';'AGRICULTURA';'ITAÚ BBA';'IPO';'ICVM 476';22/7/2021;13.75;26/07/21;' - ';' 120 ';' 349.999.994 ';' - ';' 349.999.994 ';0%;0%;0%;0%;;;;;
;'UNIFIQUE';'NM';'TELECOMUNICAÇÕES';'XP INVESTIMENTOS';'IPO';'ICVM 400';23/7/2021;8.60;27/07/21;' 9.372 ';' 9.957 ';' 863.420.899 ';' - ';' 863.420.899 ';14%;58%;27%;2%;;;;;
;'ARMAC';'NM';'MÁQ. E EQUIP. INDUSTRIAIS';'SANTANDER';'IPO';'ICVM 400';26/7/2021;16.63;28/07/21;' 8.076 ';' 8.716 ';' 1.000.300.753 ';' 532.483.071 ';' 1.532.783.824 ';11%;61%;28%;0%;;;;;
;'TC';'NM';'PROGRAMAS E SERVIÇOS';'BTG PACTUAL';'IPO';'ICVM 400';26/7/2021;9.50;28/07/21;' 3.762 ';' 4.230 ';' 544.930.346 ';' - ';' 544.930.346 ';10%;70%;2%;17%;;;;;
;'BRISANET';'NM';'TELECOMUNICAÇÕES';'SANTANDER';'IPO';'ICVM 400';27/7/2021;13.92;29/07/21;' 5.965 ';' 6.183 ';' 1.340.059.998 ';' - ';' 1.340.059.998 ';15%;78%;7%;0%;;;;;
;'CLEARSALE';'NM';'SERVIÇOS FINANCEIROS DIVERSOS';'ITAÚ BBA';'IPO';'ICVM 400';28/7/2021;25.00;30/07/21;' 7.444 ';' 8.026 ';' 795.156.250 ';' 509.967.250 ';' 1.305.123.500 ';10%;51%;39%;1%;;;;;
;'VIVEO';'NM';'MEDICAMENTOS E OUTROS PRODUTOS';'JP MORGAN';'IPO';'ICVM 476';5/8/2021;19.92;09/08/21;' 1 ';' 215 ';' 699.999.995 ';' 1.176.980.292 ';' 1.876.980.287 ';0%;38%;61%;0%;;;;;
;'RAIZEN';'N2';'EXPLORAÇÃO. REFINO E DISTRIBUIÇÃO';'BTG PACTUAL';'IPO';'ICVM 400';3/8/2021;7.40;04/08/21;' 82.316 ';' 85.700 ';' 6.709.671.390 ';' - ';' 6.709.671.390 ';15%;37%;50%;1%;;;;;
;'ONCOCLINICAS';'NM';'SERV.MÉD.HOSPIT..ANÁLISES E DIAGNÓSTICOS';'GOLDMAN SACHS';'IPO';'ICVM 400';6/8/2021;19.75;10/08/21;' 6.528 ';' 6.914 ';' 1.780.423.533 ';' 889.239.089 ';' 2.669.662.622 ';11%;66%;36%;2%;;;;;
;'KORA SAUDE';'NM';'SERV.MÉD.HOSPIT..ANÁLISES E DIAGNÓSTICOS';'ITAÚ BBA';'IPO';'ICVM 476';11/8/2021;7.20;13/08/21;' 19 ';' 80 ';' 769.920.797 ';' - ';' 769.920.797 ';0%;80%;27%;6%;;;;;
;'VITTIA';'NM';'FERTILIZANTES E DEFENSIVOS';'XP INVESTIMENTOS';'IPO';'ICVM 476';31/8/2021;8.60;02/09/21;' 2 ';' 267 ';' 71.611.908 ';' 310.388.095 ';' 382.000.003 ';1%;101%;12%;1%;;;;;
;'SINQIA';'NM';'PROGRAMAS E SERVIÇOS';'BTG PACTUAL';'FOLLOW-ON';'ICVM 476';2/9/2021;23.00;06/09/21;' 1 ';' 1.844 ';' 400.042.680 ';' - ';' 400.042.680 ';0%;55%;19%;26%;;;;;
;'AES BRASIL';'NM';'ENERGIA ELÉTRICA';'BRADESCO BBI';'FOLLOW-ON';'ICVM 476';28/9/2021;12.00;30/09/21;' 2.998 ';' 3.385 ';' 1.116.000.000 ';' - ';' 1.116.000.000 ';1%;28%;19%;51%;;;;;
;'TOTVS';'NM';'PROGRAMAS E SERVIÇOS';'BTG PACTUAL';'FOLLOW-ON';'ICVM 476';21/9/2021;36.75;23/09/21;' - ';' 990 ';' 1.443.172.500 ';' - ';' 1.443.172.500 ';0%;18%;42%;40%;;;;;
;'VAMOS';'NM';'ALUGUEL DE CARROS';'BTG PACTUAL';'FOLLOW-ON';'ICVM 476';23/9/2021;16.75;27/09/21;' - ';' 456 ';' 1.098.532.168 ';' - ';' 1.098.532.168 ';0%;56%;36%;9%;;;;;
;'PETZ';'NM';'PRODUTOS DIVERSOS';'ITAÚ BBA';'FOLLOW-ON';'ICVM 476';18/11/2021;19.00;22/11/21;' 647 ';' 1.098 ';' 779.000.000 ';' - ';' 779.000.000 ';0%;61%;39%;0%;;;;;
;'3R PETROLEUM';'NM';'EXPLORAÇÃO. REFINO E DISTRIBUIÇÃO';'ITAÚ BBA';'FOLLOW-ON';'ICVM 476';4/11/2021;33.00;08/11/21;' 1.041 ';' 1.553 ';' 2.168.100.000 ';' 240.900.000 ';' 2.409.000.000 ';1%;82%;17%;0%;;;;;
;'NU-NUBANK*';'BDR PATROCINADO NÍVEL 3';'BANCOS';'NUINVEST CORRETORA DE VALORES S.A.';'IPO';'ICVM 400';8/12/2021;8.36;09/12/21;' - ';' - ';' 405.680.537 ';' - ';' 405.680.537 ';0%;0%;0%;0%;;;;;
;;;;;;;;;;;;;;;;;;;;;;;
;;'¹ DADOS REFERENTES SOMENTE À ("OFERTA BRASILEIRA").';;;;;;;;;;;;;;;;;;;;;
;;'² DADOS PRELIMINARES.';;;;;;;;;;;;;;;;;;;;;
;;'³ ANTES DA RECOMPRA NO ÂMBITO DAS ATIVIDADES DE ESTABILIZAÇÃO.';;;;;;;;;;;;;;;;;;;;;
;;'4 PREÇO PONDERADO QUANDO SE TRATAR DE OFERTA PÚBLICA DE AÇÕES ON E PN.';;;;;;;;;;;;;;;;;;;;;
;;'N/D -  NÃO DISPONÍVEL';;;;;;;;;;;;;;;;;;;;;
